"uid","laboratoryName","processedDate","batchID","lipidID","analysisStandardID","lotNumber","analyteKnownValue","analyteObservedValue","analyteUnits","extractEffStdID","extractEffStdUnits","analyteStandardQF","dataQF","publicationDate"
"f4171843-df58-4814-843c-3657958e900a",NA,2019-10-31,"20191031 Set 12_2","c16 30ug/ml","Supelco 37 component FAME mix, CRM47885 Supelco","LRAB5516",30,30.86,"mg/ml","c21:0Concentration","mg/ml",NA,NA,"20201008T132517Z"
"07ed82f6-8dd3-4138-a1b2-518c6e42ed85",NA,2019-10-31,"20191031 Set 12_2","c16 30ug/ml","Supelco 37 component FAME mix, CRM47885 Supelco","LRAB5516",30,30.52,"mg/ml","c21:0Concentration","mg/ml",NA,NA,"20201008T132517Z"
"744c7cbe-7de0-4c23-b79c-19f7f5897f7c",NA,2019-10-31,"20191031 Set 12_2","c16 30ug/ml","Supelco 37 component FAME mix, CRM47885 Supelco","LRAB5516",30,30.58,"mg/ml","c21:0Concentration","mg/ml",NA,NA,"20201008T132517Z"
"8f0a9671-cda4-4eee-8fed-6ac5d2841216",NA,2019-10-31,"20191031 Set 12_2","c16 30ug/ml","Supelco 37 component FAME mix, CRM47885 Supelco","LRAB5516",30,30.07,"mg/ml","c21:0Concentration","mg/ml",NA,NA,"20201008T132517Z"
"f259e1b0-4184-4048-aa94-b5ca955bc784",NA,2019-10-31,"20191031 Set 12_2","c16 30ug/ml","Supelco 37 component FAME mix, CRM47885 Supelco","LRAB5516",30,30.65,"mg/ml","c21:0Concentration","mg/ml",NA,NA,"20201008T132517Z"
"ce92377a-4706-4895-8fca-f98f6b0be725",NA,2019-04-22,"20190422 Set 8","c16 30ug/ml","Supelco 37 component FAME mix, CRM47885 Supelco","LRAB5516",30,31.53,"mg/ml",NA,NA,NA,NA,"20201008T132517Z"
"fb0cb89e-e08c-4f2b-9ec1-ee465f095f5a",NA,2019-04-22,"20190422 Set 8","c16 30ug/ml","Supelco 37 component FAME mix, CRM47885 Supelco","LRAB5516",30,29.95,"mg/ml",NA,NA,NA,NA,"20201008T132517Z"
"2a5b3ab8-c03d-4eca-8cc8-98dd4612db04",NA,2019-04-22,"20190422 Set 8","c16 30ug/ml","Supelco 37 component FAME mix, CRM47885 Supelco","LRAB5516",30,30.09,"mg/ml",NA,NA,NA,NA,"20201008T132517Z"
"beba0f40-0ce0-4aa0-9770-4edc1dd5fe07",NA,2019-04-22,"20190422 Set 8","c16 30ug/ml","Supelco 37 component FAME mix, CRM47885 Supelco","LRAB5516",30,28.78,"mg/ml","c21:0Concentration","mg/ml",NA,NA,"20201008T132517Z"
"1af472b4-edf2-4c41-bc83-7474aefb2b6b",NA,2019-04-22,"20190422 Set 8","c16 30ug/ml","Supelco 37 component FAME mix, CRM47885 Supelco","LRAB5516",30,30.14,"mg/ml",NA,NA,NA,NA,"20201008T132517Z"
"79ab8483-dd53-4678-a185-c1b6dc8bea07",NA,2019-04-22,"20190422 Set 8","c16 30ug/ml","Supelco 37 component FAME mix, CRM47885 Supelco","LRAB5516",30,30.83,"mg/ml",NA,NA,NA,NA,"20201008T132517Z"
"4a890b56-b60e-4316-a64b-9f0f5b082926",NA,2019-04-22,"20190422 Set 8","c16 30ug/ml","Supelco 37 component FAME mix, CRM47885 Supelco","LRAB5516",30,29.79,"mg/ml",NA,NA,NA,NA,"20201008T132517Z"
"0aa292f9-8238-4319-9c3c-b8818779cdaa",NA,2019-04-22,"20190422 Set 8","c16 30ug/ml","Supelco 37 component FAME mix, CRM47885 Supelco","LRAB5516",30,31.36,"mg/ml",NA,NA,NA,NA,"20201008T132517Z"
"98945194-0047-4004-a376-4d4642f27b4e",NA,2019-04-22,"20190422 Set 8","c16 30ug/ml","Supelco 37 component FAME mix, CRM47885 Supelco","LRAB5516",30,30.58,"mg/ml",NA,NA,NA,NA,"20201008T132517Z"
"f77f1f1f-3c71-4e20-9772-f466b1d801ec",NA,2019-04-22,"20190422 Set 8","c16 30ug/ml","Supelco 37 component FAME mix, CRM47885 Supelco","LRAB5516",30,29.3,"mg/ml",NA,NA,NA,NA,"20201008T132517Z"
"b8d83f08-756a-4c1f-b7b8-348977907eb7",NA,2019-04-22,"20190422 Set 8","c16 30ug/ml","Supelco 37 component FAME mix, CRM47885 Supelco","LRAB5516",30,31.45,"mg/ml",NA,NA,NA,NA,"20201008T132517Z"
"f307ab45-08ab-4009-b3d2-b15371991e0a",NA,2019-02-18,"20190218 Set 3","c16 40ug/ml","Supelco 37 component FAME mix, CRM47885 Supelco","XA11420V",40,34.9,"mg/ml",NA,NA,NA,NA,"20201008T132517Z"
"6d9f8af7-cde0-42fa-9632-eb4ed7320e51",NA,2019-02-18,"20190218 Set 3","c16 40ug/ml","Supelco 37 component FAME mix, CRM47885 Supelco","XA11420V",40,36.31,"mg/ml",NA,NA,NA,NA,"20201008T132517Z"
"40a050ac-9439-43b8-baf8-1202081b8c0e",NA,2019-02-18,"20190218 Set 3","c16 40ug/ml","Supelco 37 component FAME mix, CRM47885 Supelco","XA11420V",40,36.78,"mg/ml","c21:0Concentration","mg/ml",NA,NA,"20201008T132517Z"
"ee7d3b9a-4d0a-4d1b-91fb-6e7bd4be60e5",NA,2019-02-18,"20190218 Set 3","c16 40ug/ml","Supelco 37 component FAME mix, CRM47885 Supelco","XA11420V",40,34.56,"mg/ml",NA,NA,NA,NA,"20201008T132517Z"
"546caee8-9e87-49d2-9c2e-d1ecedec5449",NA,2019-02-18,"20190218 Set 3","c16 40ug/ml","Supelco 37 component FAME mix, CRM47885 Supelco","XA11420V",40,36.49,"mg/ml",NA,NA,NA,NA,"20201008T132517Z"
"f7a70475-da47-44c9-9a96-88d1cb615703",NA,2019-02-18,"20190218 Set 3","c16 40ug/ml","Supelco 37 component FAME mix, CRM47885 Supelco","XA11420V",40,36.94,"mg/ml",NA,NA,NA,NA,"20201008T132517Z"
"99f6051c-6dd7-4bb9-9c3c-2626e2efa24d",NA,2019-02-18,"20190218 Set 3","c16 40ug/ml","Supelco 37 component FAME mix, CRM47885 Supelco","XA11420V",40,34.77,"mg/ml",NA,NA,NA,NA,"20201008T132517Z"
"bcc9c2a6-77a0-48b5-8369-ebc47a432978",NA,2019-02-18,"20190218 Set 3","c16 40ug/ml","Supelco 37 component FAME mix, CRM47885 Supelco","XA11420V",40,34.53,"mg/ml",NA,NA,NA,NA,"20201008T132517Z"
"7e0e22f5-f779-4fc2-9ff9-1db74af68522",NA,2019-02-18,"20190218 Set 3","c16 40ug/ml","Supelco 37 component FAME mix, CRM47885 Supelco","XA11420V",40,35.77,"mg/ml",NA,NA,NA,NA,"20201008T132517Z"
"1ad133da-fcd6-4535-a3cc-03f596f01fe3",NA,2019-02-18,"20190218 Set 3","c16 40ug/ml","Supelco 37 component FAME mix, CRM47885 Supelco","XA11420V",40,35.7,"mg/ml",NA,NA,NA,NA,"20201008T132517Z"
"022c4539-7411-449e-9398-1d0fa2fe9646",NA,2019-02-18,"20190218 Set 3","c16 40ug/ml","Supelco 37 component FAME mix, CRM47885 Supelco","XA11420V",40,34.61,"mg/ml",NA,NA,NA,NA,"20201008T132517Z"
"32ac0f40-97c3-4225-9480-4c9cead8517e",NA,2019-02-22,"20190222 Set 1 rerun","c16 40ug/ml","Supelco 37 component FAME mix, CRM47885 Supelco","XA11420V",40,35.45,"mg/ml",NA,NA,NA,NA,"20201008T132517Z"
"002aa143-f321-4758-9a77-1ccaadf9f121",NA,2019-02-22,"20190222 Set 1 rerun","c16 40ug/ml","Supelco 37 component FAME mix, CRM47885 Supelco","XA11420V",40,36.74,"mg/ml",NA,NA,NA,NA,"20201008T132517Z"
"4dbd0dfe-b406-4720-8a2d-00a4a560acc2",NA,2019-02-22,"20190222 Set 1 rerun","c16 40ug/ml","Supelco 37 component FAME mix, CRM47885 Supelco","XA11420V",40,35.6,"mg/ml",NA,NA,NA,NA,"20201008T132517Z"
"f954fb75-df24-44c3-a5ed-bb3cbef6b1db",NA,2019-02-22,"20190222 Set 1 rerun","c16 40ug/ml","Supelco 37 component FAME mix, CRM47885 Supelco","XA11420V",40,37.53,"mg/ml",NA,NA,NA,NA,"20201008T132517Z"
"92ca9f39-3014-44ca-aa38-6c215a185634",NA,2019-02-22,"20190222 Set 1 rerun","c16 40ug/ml","Supelco 37 component FAME mix, CRM47885 Supelco","XA11420V",40,35.98,"mg/ml",NA,NA,NA,NA,"20201008T132517Z"
"ecdd96f3-5e0f-4ad0-b04c-a295f2adc5d6",NA,2019-02-22,"20190222 Set 1 rerun","c16 40ug/ml","Supelco 37 component FAME mix, CRM47885 Supelco","XA11420V",40,35.47,"mg/ml",NA,NA,NA,NA,"20201008T132517Z"
"454b4f4e-83be-417c-a5db-6c3c62339f48",NA,2019-02-22,"20190222 Set 1 rerun","c16 40ug/ml","Supelco 37 component FAME mix, CRM47885 Supelco","XA11420V",40,37.69,"mg/ml","c21:0Concentration","mg/ml",NA,NA,"20201008T132517Z"
"b3c465f6-3301-4b83-abe6-7f8617221d29",NA,2019-02-22,"20190222 Set 1 rerun","c16 40ug/ml","Supelco 37 component FAME mix, CRM47885 Supelco","XA11420V",40,36.78,"mg/ml",NA,NA,NA,NA,"20201008T132517Z"
"38965c86-d599-44ad-bdb1-9ed7b9516a39",NA,2019-02-22,"20190222 Set 1 rerun","c16 40ug/ml","Supelco 37 component FAME mix, CRM47885 Supelco","XA11420V",40,36.05,"mg/ml",NA,NA,NA,NA,"20201008T132517Z"
"85f0645e-3b37-4420-832f-cee42cfbae09",NA,2019-02-22,"20190222 Set 1 rerun","c16 40ug/ml","Supelco 37 component FAME mix, CRM47885 Supelco","XA11420V",40,37.73,"mg/ml",NA,NA,NA,NA,"20201008T132517Z"
"4088cd2f-2014-4db3-86a1-e9d765aac534",NA,2019-02-22,"20190222 Set 1 rerun","c16 40ug/ml","Supelco 37 component FAME mix, CRM47885 Supelco","XA11420V",40,37.42,"mg/ml",NA,NA,NA,NA,"20201008T132517Z"
"57ad9613-93f4-48af-890f-72474f6adaaf",NA,2018-03-14,"Neon-1-1_GCMSresults_20180314","c21:0 / 1,2-diheneicosanoyl-sn-glycero-3-phosphocholine","Avanti 850370P","850370-01-017",3750,1157.81,"ng/sample",NA,NA,NA,NA,"20201008T132517Z"
"de9ff3b8-ab76-4f62-bd96-2986e750a8f7",NA,2019-02-18,"20190218 Set 2-2","c16 40ug/ml","Supelco 37 component FAME mix, CRM47885 Supelco","XA11420V",40,33.77,"mg/ml","c21:0Concentration","mg/ml",NA,NA,"20201008T132517Z"
"692f54e4-59d1-4f87-81b7-1b1a78a15b9d",NA,2019-02-18,"20190218 Set 2-2","c16 40ug/ml","Supelco 37 component FAME mix, CRM47885 Supelco","XA11420V",40,34.64,"mg/ml",NA,NA,NA,NA,"20201008T132517Z"
"3e47e7b4-9e15-4f4c-b88d-56f9dcd5b747",NA,2019-02-18,"20190218 Set 2-2","c16 40ug/ml","Supelco 37 component FAME mix, CRM47885 Supelco","XA11420V",40,35.4,"mg/ml",NA,NA,NA,NA,"20201008T132517Z"
"586f2b30-c5ec-4a51-970f-2061031e482a",NA,2019-02-18,"20190218 Set 2-2","c16 40ug/ml","Supelco 37 component FAME mix, CRM47885 Supelco","XA11420V",40,37.11,"mg/ml",NA,NA,NA,NA,"20201008T132517Z"
"3a3a16b7-3260-408d-97f9-1d76c33523a5",NA,2019-04-16,"20190416 Set 6","c16 40ug/ml","Supelco 37 component FAME mix, CRM47885 Supelco","LRAB5516",40,37.99,"mg/ml",NA,NA,NA,NA,"20201008T132517Z"
"7c58275f-f82f-42c4-a7d3-84f53e476d1b",NA,2019-04-16,"20190416 Set 6","c16 40ug/ml","Supelco 37 component FAME mix, CRM47885 Supelco","LRAB5516",40,38.46,"mg/ml",NA,NA,NA,NA,"20201008T132517Z"
"d531e92c-431b-4fec-ae24-0e161370bd90",NA,2019-04-16,"20190416 Set 6","c16 40ug/ml","Supelco 37 component FAME mix, CRM47885 Supelco","LRAB5516",40,38.53,"mg/ml",NA,NA,NA,NA,"20201008T132517Z"
"ca547ceb-b685-4a26-9d44-a5d7ab1ce941",NA,2019-04-16,"20190416 Set 6","c16 40ug/ml","Supelco 37 component FAME mix, CRM47885 Supelco","LRAB5516",40,37.36,"mg/ml","c21:0Concentration","mg/ml",NA,NA,"20201008T132517Z"
"99654970-1f06-492f-99b7-3b0514d28e76",NA,2019-04-16,"20190416 Set 6","c16 40ug/ml","Supelco 37 component FAME mix, CRM47885 Supelco","LRAB5516",40,38.26,"mg/ml",NA,NA,NA,NA,"20201008T132517Z"
"818bfea1-e2ad-4a80-932f-48043636b95a",NA,2019-04-16,"20190416 Set 6","c16 40ug/ml","Supelco 37 component FAME mix, CRM47885 Supelco","LRAB5516",40,38.95,"mg/ml",NA,NA,NA,NA,"20201008T132517Z"
"37f92b90-a2a7-4c31-810c-1e4c03cbe5ec",NA,2019-04-16,"20190416 Set 6","c16 40ug/ml","Supelco 37 component FAME mix, CRM47885 Supelco","LRAB5516",40,37.62,"mg/ml",NA,NA,NA,NA,"20201008T132517Z"
"5e54e196-0552-414c-85ce-aef353258dcb",NA,2019-04-16,"20190416 Set 6","c16 40ug/ml","Supelco 37 component FAME mix, CRM47885 Supelco","LRAB5516",40,38.26,"mg/ml",NA,NA,NA,NA,"20201008T132517Z"
"f123139c-b647-4cf4-9b78-06029eb654c6",NA,2019-04-16,"20190416 Set 6","c16 40ug/ml","Supelco 37 component FAME mix, CRM47885 Supelco","LRAB5516",40,38.85,"mg/ml",NA,NA,NA,NA,"20201008T132517Z"
"bb277697-d72a-48af-9621-3da3fd74fdcf",NA,2019-04-16,"20190416 Set 6","c16 40ug/ml","Supelco 37 component FAME mix, CRM47885 Supelco","LRAB5516",40,37.01,"mg/ml",NA,NA,NA,NA,"20201008T132517Z"
"0b5c67aa-a7be-405b-b88a-582f50222e43",NA,2019-04-18,"20190418 Set 7","c16 30ug/ml","Supelco 37 component FAME mix, CRM47885 Supelco","LRAB5516",30,30.91,"mg/ml",NA,NA,NA,NA,"20201008T132517Z"
"152be6a1-abc2-4945-9abc-51e66bdfbb4e",NA,2019-04-18,"20190418 Set 7","c16 30ug/ml","Supelco 37 component FAME mix, CRM47885 Supelco","LRAB5516",30,30.25,"mg/ml",NA,NA,NA,NA,"20201008T132517Z"
"823f8734-4029-4aa5-ad54-a1a9c7f0c3a1",NA,2019-04-18,"20190418 Set 7","c16 30ug/ml","Supelco 37 component FAME mix, CRM47885 Supelco","LRAB5516",30,33.93,"mg/ml",NA,NA,NA,NA,"20201008T132517Z"
"a5aa053f-200a-4e91-80f8-a48c2cb8af49",NA,2019-04-18,"20190418 Set 7","c16 30ug/ml","Supelco 37 component FAME mix, CRM47885 Supelco","LRAB5516",30,31.78,"mg/ml",NA,NA,NA,NA,"20201008T132517Z"
"3783c732-f989-468d-8343-3bd4cc655846",NA,2019-04-18,"20190418 Set 7","c16 30ug/ml","Supelco 37 component FAME mix, CRM47885 Supelco","LRAB5516",30,30.49,"mg/ml",NA,NA,NA,NA,"20201008T132517Z"
"8e974b81-1fc3-4365-95c2-ccc56389833f",NA,2019-04-18,"20190418 Set 7","c16 30ug/ml","Supelco 37 component FAME mix, CRM47885 Supelco","LRAB5516",30,31.39,"mg/ml",NA,NA,NA,NA,"20201008T132517Z"
"63c6f2a6-bd67-4190-8e2a-8ded8e12c8a3",NA,2019-04-18,"20190418 Set 7","c16 30ug/ml","Supelco 37 component FAME mix, CRM47885 Supelco","LRAB5516",30,32,"mg/ml",NA,NA,NA,NA,"20201008T132517Z"
"b9d84367-9b01-4ab2-a682-1232c6812a34",NA,2019-04-18,"20190418 Set 7","c16 30ug/ml","Supelco 37 component FAME mix, CRM47885 Supelco","LRAB5516",30,30.16,"mg/ml",NA,NA,NA,NA,"20201008T132517Z"
"561c52a8-15f3-4274-b430-c5c12af194b5",NA,2019-04-18,"20190418 Set 7","c16 30ug/ml","Supelco 37 component FAME mix, CRM47885 Supelco","LRAB5516",30,31.81,"mg/ml",NA,NA,NA,NA,"20201008T132517Z"
"7aecc6bc-b1fd-4eb4-99a5-b8dbc5e73e83",NA,2019-04-18,"20190418 Set 7","c16 30ug/ml","Supelco 37 component FAME mix, CRM47885 Supelco","LRAB5516",30,29.92,"mg/ml","c21:0Concentration","mg/ml",NA,NA,"20201008T132517Z"
"333354d2-4de3-4b66-869b-446334c1110e",NA,2019-04-18,"20190418 Set 7","c16 30ug/ml","Supelco 37 component FAME mix, CRM47885 Supelco","LRAB5516",30,31.86,"mg/ml",NA,NA,NA,NA,"20201008T132517Z"
"d59adb42-a899-48e0-85d1-498dca11fd00",NA,2019-04-02,"20190402 Set 5","c16 40ug/ml","Supelco 37 component FAME mix, CRM47885 Supelco","XA11420V",40,36.31,"mg/ml",NA,NA,NA,NA,"20201008T132517Z"
"82ad4abf-347a-4506-8c87-032474dd5780",NA,2019-04-02,"20190402 Set 5","c16 40ug/ml","Supelco 37 component FAME mix, CRM47885 Supelco","XA11420V",40,36.39,"mg/ml",NA,NA,NA,NA,"20201008T132517Z"
"4a4a31df-91c4-4703-a144-6874935fbf64",NA,2019-04-02,"20190402 Set 5","c16 40ug/ml","Supelco 37 component FAME mix, CRM47885 Supelco","XA11420V",40,38.72,"mg/ml",NA,NA,NA,NA,"20201008T132517Z"
"c4347075-279e-4845-a79f-e1594c973627",NA,2019-04-02,"20190402 Set 5","c16 40ug/ml","Supelco 37 component FAME mix, CRM47885 Supelco","XA11420V",40,37.66,"mg/ml",NA,NA,NA,NA,"20201008T132517Z"
"fdd8f598-f7f5-4ecc-a64d-fe6296296790",NA,2019-04-02,"20190402 Set 5","c16 40ug/ml","Supelco 37 component FAME mix, CRM47885 Supelco","XA11420V",40,36.6,"mg/ml",NA,NA,NA,NA,"20201008T132517Z"
"13fedd0d-cf66-421e-a259-057ed7a795c1",NA,2019-04-02,"20190402 Set 5","c16 40ug/ml","Supelco 37 component FAME mix, CRM47885 Supelco","XA11420V",40,36.47,"mg/ml",NA,NA,NA,NA,"20201008T132517Z"
"bf2c0fbd-755c-4064-ba20-f06d6e6b0018",NA,2019-04-02,"20190402 Set 5","c16 40ug/ml","Supelco 37 component FAME mix, CRM47885 Supelco","XA11420V",40,38.12,"mg/ml","c21:0Concentration","mg/ml",NA,NA,"20201008T132517Z"
"0971cca5-0872-4fc3-a8a7-8f48e795a3a6",NA,2019-04-02,"20190402 Set 5","c16 40ug/ml","Supelco 37 component FAME mix, CRM47885 Supelco","XA11420V",40,38.29,"mg/ml",NA,NA,NA,NA,"20201008T132517Z"
"d4fe2b8e-4745-4330-9d04-815c4690058f",NA,2019-04-02,"20190402 Set 5","c16 40ug/ml","Supelco 37 component FAME mix, CRM47885 Supelco","XA11420V",40,37.65,"mg/ml",NA,NA,NA,NA,"20201008T132517Z"
"9bb98dd9-3ab9-4ea6-be5e-9bf8371d5fb7",NA,2019-04-02,"20190402 Set 5","c16 40ug/ml","Supelco 37 component FAME mix, CRM47885 Supelco","XA11420V",40,38.36,"mg/ml",NA,NA,NA,NA,"20201008T132517Z"
"8893754a-b592-4cc2-8007-cab579b5e3b9",NA,2019-04-02,"20190402 Set 5","c16 40ug/ml","Supelco 37 component FAME mix, CRM47885 Supelco","XA11420V",40,38.14,"mg/ml",NA,NA,NA,NA,"20201008T132517Z"
"ea148e68-0007-43ec-8f33-796baa56f7b9",NA,2019-04-01,"20190401 Set 4-2","c16 40ug/ml","Supelco 37 component FAME mix, CRM47885 Supelco","XA11420V",40,37.82,"mg/ml",NA,NA,NA,NA,"20201008T132517Z"
"3e4d1ffb-3f51-4fb2-8bf7-5cf44d871b1a",NA,2019-04-01,"20190401 Set 4-2","c16 40ug/ml","Supelco 37 component FAME mix, CRM47885 Supelco","XA11420V",40,38.99,"mg/ml",NA,NA,NA,NA,"20201008T132517Z"
"2d04dfea-c701-44ad-a3ef-4b53d73a45d0",NA,2019-04-01,"20190401 Set 4-2","c16 40ug/ml","Supelco 37 component FAME mix, CRM47885 Supelco","XA11420V",40,38.37,"mg/ml",NA,NA,NA,NA,"20201008T132517Z"
"e06752f1-9af1-4652-9db6-225d3d043a0a",NA,2019-04-01,"20190401 Set 4-2","c16 40ug/ml","Supelco 37 component FAME mix, CRM47885 Supelco","XA11420V",40,39.26,"mg/ml",NA,NA,NA,NA,"20201008T132517Z"
"add442ec-5432-4254-8d69-d063c7d58d41",NA,2019-04-01,"20190401 Set 4-2","c16 40ug/ml","Supelco 37 component FAME mix, CRM47885 Supelco","XA11420V",40,38.98,"mg/ml","c21:0Concentration","mg/ml",NA,NA,"20201008T132517Z"
"2b433211-3e4a-409d-9df7-bf6999467ac9",NA,2019-02-14,"20190124 Set 2-1 Rerun","c16 40ug/ml","Supelco 37 component FAME mix, CRM47885 Supelco","XA11420V",40,35.59,"mg/ml","c21:0Concentration","mg/ml",NA,NA,"20201008T132517Z"
"73f6d3ef-8a90-4bcd-8c42-9297f89e0df8",NA,2019-02-14,"20190124 Set 2-1 Rerun","c16 40ug/ml","Supelco 37 component FAME mix, CRM47885 Supelco","XA11420V",40,35.95,"mg/ml",NA,NA,NA,NA,"20201008T132517Z"
"78700d63-70fc-4981-b024-5ce743773b86",NA,2019-02-14,"20190124 Set 2-1 Rerun","c16 40ug/ml","Supelco 37 component FAME mix, CRM47885 Supelco","XA11420V",40,35.8,"mg/ml",NA,NA,NA,NA,"20201008T132517Z"
"fadb97d3-39ff-4a0c-85a6-ce25a1427946",NA,2019-02-14,"20190124 Set 2-1 Rerun","c16 40ug/ml","Supelco 37 component FAME mix, CRM47885 Supelco","XA11420V",40,36.46,"mg/ml",NA,NA,NA,NA,"20201008T132517Z"
"087ca5c3-ce3a-4347-a95e-86f185277a07",NA,2019-02-14,"20190124 Set 2-1 Rerun","c16 40ug/ml","Supelco 37 component FAME mix, CRM47885 Supelco","XA11420V",40,34.93,"mg/ml",NA,NA,NA,NA,"20201008T132517Z"
"a33fea91-67e1-4c34-ae6a-cf496360ddce",NA,2019-02-14,"20190124 Set 2-1 Rerun","c16 40ug/ml","Supelco 37 component FAME mix, CRM47885 Supelco","XA11420V",40,35.32,"mg/ml",NA,NA,NA,NA,"20201008T132517Z"
"cea5d78e-c23b-420c-9ba9-c006a0eeb43d",NA,2019-02-14,"20190124 Set 2-1 Rerun","c16 40ug/ml","Supelco 37 component FAME mix, CRM47885 Supelco","XA11420V",40,35.59,"mg/ml","c21:0Concentration","mg/ml",NA,NA,"20201008T132517Z"
"cf5973dd-baae-4c46-83ca-1010692d69d8",NA,2019-02-14,"20190124 Set 2-1 Rerun","c16 40ug/ml","Supelco 37 component FAME mix, CRM47885 Supelco","XA11420V",40,35.8,"mg/ml","c21:0Concentration","mg/ml",NA,NA,"20201008T132517Z"
"01d1bd24-7839-4964-8a68-cdc42fad3cd3",NA,2019-02-14,"20190124 Set 2-1 Rerun","c16 40ug/ml","Supelco 37 component FAME mix, CRM47885 Supelco","XA11420V",40,35.32,"mg/ml","c21:0Concentration","mg/ml",NA,NA,"20201008T132517Z"
"8c475e83-8c1d-4952-a70f-ecf7d8e89c1f",NA,2019-02-14,"20190124 Set 2-1 Rerun","c16 40ug/ml","Supelco 37 component FAME mix, CRM47885 Supelco","XA11420V",40,34.93,"mg/ml","c21:0Concentration","mg/ml",NA,NA,"20201008T132517Z"
"9af044b7-9655-472f-ba50-87d9cfe3e2e1",NA,2019-02-14,"20190124 Set 2-1 Rerun","c16 40ug/ml","Supelco 37 component FAME mix, CRM47885 Supelco","XA11420V",40,35.95,"mg/ml","c21:0Concentration","mg/ml",NA,NA,"20201008T132517Z"
"9c1cd935-d4e5-45cd-9fee-34c9c513ef76",NA,2019-02-14,"20190124 Set 2-1 Rerun","c16 40ug/ml","Supelco 37 component FAME mix, CRM47885 Supelco","XA11420V",40,36.46,"mg/ml","c21:0Concentration","mg/ml",NA,NA,"20201008T132517Z"
"a5b063cd-81e6-4b99-a678-b69dabadae6e",NA,2019-01-23,"20190123 Set 13-1 Re-Rerun","c16 40ug/ml","Supelco 37 component FAME mix, CRM47885 Supelco","XA11420V",40,33.13,"ug/ml",NA,NA,NA,NA,"20201008T132517Z"
"8934be13-4de4-4bdf-92af-63c57224fbda",NA,2019-01-23,"20190123 Set 13-1 Re-Rerun","c16 40ug/ml","Supelco 37 component FAME mix, CRM47885 Supelco","XA11420V",40,33.96,"ug/ml",NA,NA,NA,NA,"20201008T132517Z"
"1c8d4d83-99a6-432f-8b04-eec5717050b4",NA,2019-01-23,"20190123 Set 13-1 Re-Rerun","c16 40ug/ml","Supelco 37 component FAME mix, CRM47885 Supelco","XA11420V",40,37.98,"ug/ml",NA,NA,NA,NA,"20201008T132517Z"
"2dff72af-4504-4a1e-baaa-b660dbcb5284",NA,2019-01-23,"20190123 Set 13-1 Re-Rerun","c16 40ug/ml","Supelco 37 component FAME mix, CRM47885 Supelco","XA11420V",40,34.84,"ug/ml",NA,NA,NA,NA,"20201008T132517Z"
"84f83ae0-0bf8-4faf-8caa-6d0777cc904c",NA,2018-09-13,"20180913 set 12b reruns","c16 40ug/ml","Supelco 37 component FAME mix, CRM47885 Supelco","XA11420V",40,34.53,"ug/ml",NA,NA,NA,NA,"20201008T132517Z"
"72ee7495-cbe6-47cf-956d-075c353fa13c",NA,2018-09-13,"20180913 set 12b reruns","c16 40ug/ml","Supelco 37 component FAME mix, CRM47885 Supelco","XA11420V",40,34.69,"ug/ml",NA,NA,NA,NA,"20201008T132517Z"
"8dffdc54-88af-4bbe-8f3d-006c7a50a43b",NA,2018-09-13,"20180913 set 12b reruns","c16 40ug/ml","Supelco 37 component FAME mix, CRM47885 Supelco","XA11420V",40,34.1,"ug/ml",NA,NA,NA,NA,"20201008T132517Z"
"85918df7-1be9-4cad-95d8-ae4cc7cea939",NA,2018-09-13,"20180913 set 12b reruns","c16 40ug/ml","Supelco 37 component FAME mix, CRM47885 Supelco","XA11420V",40,33.96,"ug/ml",NA,NA,NA,NA,"20201008T132517Z"
"7fd8b3e0-6208-4387-a600-16836e5592a4",NA,2018-04-23,"20180423 Set 3B","c16 40ug/ml","Supelco 37 component FAME mix, CRM47885 Supelco","XA11420V",40,33.96,"ug/ml",NA,NA,NA,NA,"20201008T132517Z"
"cb3c040f-6e07-4941-811f-bcb4be07b084",NA,2018-04-23,"20180423 Set 3B","c16 40ug/ml","Supelco 37 component FAME mix, CRM47885 Supelco","XA11420V",40,34.18,"ug/ml",NA,NA,NA,NA,"20201008T132517Z"
"bcf0e116-152b-4ebf-bc00-67661623df45",NA,2018-04-23,"20180423 Set 3B","c16 40ug/ml","Supelco 37 component FAME mix, CRM47885 Supelco","XA11420V",40,34.17,"ug/ml",NA,NA,NA,NA,"20201008T132517Z"
"62ce0bff-226c-462d-b638-85f76d6e6300",NA,2018-04-23,"20180423 Set 3B","c16 40ug/ml","Supelco 37 component FAME mix, CRM47885 Supelco","XA11420V",40,33.95,"ug/ml",NA,NA,NA,NA,"20201008T132517Z"
"63a397fa-330c-499b-ae86-ac0fb697f66e",NA,2018-04-23,"20180423 Set 3B","c16 40ug/ml","Supelco 37 component FAME mix, CRM47885 Supelco","XA11420V",40,34.09,"ug/ml",NA,NA,NA,NA,"20201008T132517Z"
"2e3f114a-5aa9-4a05-9af7-89bbb312d3fb",NA,2018-04-19,"20180419 set 3","c16 40ug/ml","Supelco 37 component FAME mix, CRM47885 Supelco","XA11420V",40,35.41,"ug/ml",NA,NA,NA,NA,"20201008T132517Z"
"d15cd02b-5510-4097-bd6b-272f0d050db3",NA,2018-04-19,"20180419 set 3","c16 40ug/ml","Supelco 37 component FAME mix, CRM47885 Supelco","XA11420V",40,35.43,"ug/ml",NA,NA,NA,NA,"20201008T132517Z"
"18b3085c-d1f8-4341-9a80-200c3672cbda",NA,2018-04-16,"20180416 Set 2","c16 40ug/ml","Supelco 37 component FAME mix, CRM47885 Supelco","XA11420V",40,40.56,"ug/ml",NA,NA,NA,NA,"20201008T132517Z"
"11747ef8-b9e3-4a83-872b-b2a452e086c1",NA,2018-04-16,"20180416 Set 2","c16 40ug/ml","Supelco 37 component FAME mix, CRM47885 Supelco","XA11420V",40,36.61,"ug/ml",NA,NA,NA,NA,"20201008T132517Z"
"cecc24b4-481f-470a-b359-3c262d3ed119",NA,2018-04-26,"20180426 set 2B","c16 40ug/ml","Supelco 37 component FAME mix, CRM47885 Supelco","XA11420V",40,34.92,"ug/ml",NA,NA,NA,NA,"20201008T132517Z"
"27adf4e1-e9da-4cf3-8e04-b75f04e42332",NA,2018-04-26,"20180426 set 2B","c16 40ug/ml","Supelco 37 component FAME mix, CRM47885 Supelco","XA11420V",40,36.07,"ug/ml",NA,NA,NA,NA,"20201008T132517Z"
"3312179c-e49c-44cb-a434-05dc0df455d2",NA,2018-04-26,"20180426 set 2B","c16 40ug/ml","Supelco 37 component FAME mix, CRM47885 Supelco","XA11420V",40,33.41,"ug/ml",NA,NA,NA,NA,"20201008T132517Z"
"85546226-a29c-469c-a93c-a881608d6468",NA,2018-04-26,"20180426 set 2B","c16 40ug/ml","Supelco 37 component FAME mix, CRM47885 Supelco","XA11420V",40,35.68,"ug/ml",NA,NA,NA,NA,"20201008T132517Z"
"97ff7518-da8b-4722-8ad9-2064df364829",NA,2018-04-26,"20180426 set 2B","c16 40ug/ml","Supelco 37 component FAME mix, CRM47885 Supelco","XA11420V",40,34.69,"ug/ml",NA,NA,NA,NA,"20201008T132517Z"
"2e627306-21fe-4761-b7ae-66a790ceb44a",NA,2018-08-30,"20180830 set 12a reruns","c16 40ug/ml","Supelco 37 component FAME mix, CRM47885 Supelco","XA11420V",40,33.9,"ug/ml",NA,NA,NA,NA,"20201008T132517Z"
"dd916586-7c7b-48f5-a62a-884f68590fa1",NA,2018-08-30,"20180830 set 12a reruns","c16 40ug/ml","Supelco 37 component FAME mix, CRM47885 Supelco","XA11420V",40,33.47,"ug/ml",NA,NA,NA,NA,"20201008T132517Z"
"24ec8488-1ba8-413e-bd74-5a51bf4adc7a",NA,2018-08-30,"20180830 set 12a reruns","c16 40ug/ml","Supelco 37 component FAME mix, CRM47885 Supelco","XA11420V",40,32.89,"ug/ml",NA,NA,NA,NA,"20201008T132517Z"
"f5239307-1b07-425b-945a-5603ed66bc68",NA,2018-08-30,"20180830 set 12a reruns","c16 40ug/ml","Supelco 37 component FAME mix, CRM47885 Supelco","XA11420V",40,34.2,"ug/ml",NA,NA,NA,NA,"20201008T132517Z"
"572eb9e2-031c-42c8-b514-8d96f4179f98",NA,2018-08-30,"20180830 set 12a reruns","c16 40ug/ml","Supelco 37 component FAME mix, CRM47885 Supelco","XA11420V",40,34.43,"ug/ml",NA,NA,NA,NA,"20201008T132517Z"
"98cd779d-79d4-4533-8fc2-2df906df2971",NA,2018-06-06,"20180606 set 10b-11a","c16 40ug/ml","Supelco 37 component FAME mix, CRM47885 Supelco","XA11420V",40,33.82,"ug/ml",NA,NA,NA,NA,"20201008T132517Z"
"4545a467-d653-4920-9e0a-6d44faa05cca",NA,2018-06-06,"20180606 set 10b-11a","c16 40ug/ml","Supelco 37 component FAME mix, CRM47885 Supelco","XA11420V",40,34.9,"ug/ml",NA,NA,NA,NA,"20201008T132517Z"
"eb54f1cd-d600-4cb6-a464-668b7d4da947",NA,2018-06-06,"20180606 set 10b-11a","c16 40ug/ml","Supelco 37 component FAME mix, CRM47885 Supelco","XA11420V",40,33.92,"ug/ml",NA,NA,NA,NA,"20201008T132517Z"
"0b8db2e8-e9c3-4b77-95f7-8af44c743dc0",NA,2018-06-06,"20180606 set 10b-11a","c16 40ug/ml","Supelco 37 component FAME mix, CRM47885 Supelco","XA11420V",40,34.02,"ug/ml",NA,NA,NA,NA,"20201008T132517Z"
"69fdca50-ce8a-4293-aa92-f9f2393a91a5",NA,2018-06-06,"20180606 set 10b-11a","c16 40ug/ml","Supelco 37 component FAME mix, CRM47885 Supelco","XA11420V",40,33.9,"ug/ml",NA,NA,NA,NA,"20201008T132517Z"
"a4130d94-2a52-48c5-9394-ae9d34961b71",NA,2018-06-06,"20180606 set 10b-11a","c16 40ug/ml","Supelco 37 component FAME mix, CRM47885 Supelco","XA11420V",40,33.42,"ug/ml",NA,NA,NA,NA,"20201008T132517Z"
"eed6b8f9-6ca2-4d38-9c9f-81e4f44ae36b",NA,2018-06-06,"20180606 set 10b-11a","c16 40ug/ml","Supelco 37 component FAME mix, CRM47885 Supelco","XA11420V",40,34.04,"ug/ml",NA,NA,NA,NA,"20201008T132517Z"
"47ef6c16-02c9-4400-9f68-2cc933c3587b",NA,2018-06-06,"20180606 set 10b-11a","c16 40ug/ml","Supelco 37 component FAME mix, CRM47885 Supelco","XA11420V",40,33.68,"ug/ml",NA,NA,NA,NA,"20201008T132517Z"
"446465c7-530a-48e8-8109-1d14819f5552",NA,2018-06-06,"20180606 set 10b-11a","c16 40ug/ml","Supelco 37 component FAME mix, CRM47885 Supelco","XA11420V",40,34.7,"ug/ml",NA,NA,NA,NA,"20201008T132517Z"
"43a67975-c3c6-46e6-ac80-719f123528fd",NA,2018-06-06,"20180606 set 10b-11a","c16 40ug/ml","Supelco 37 component FAME mix, CRM47885 Supelco","XA11420V",40,34.32,"ug/ml",NA,NA,NA,NA,"20201008T132517Z"
"4b3e8fd1-0182-4b9c-8971-7d6fb0b57eff",NA,2018-06-04,"20180604 set 9b-10","c16 40ug/ml","Supelco 37 component FAME mix, CRM47885 Supelco","XA11420V",40,34.41,"ug/ml",NA,NA,NA,NA,"20201008T132517Z"
"5380caee-e533-49f1-9027-c7d66b648b02",NA,2018-06-04,"20180604 set 9b-10","c16 40ug/ml","Supelco 37 component FAME mix, CRM47885 Supelco","XA11420V",40,33.98,"ug/ml",NA,NA,NA,NA,"20201008T132517Z"
"c33e1625-9b4f-4dd9-9bbc-784ccc9e9dc6",NA,2018-06-04,"20180604 set 9b-10","c16 40ug/ml","Supelco 37 component FAME mix, CRM47885 Supelco","XA11420V",40,33.06,"ug/ml",NA,NA,NA,NA,"20201008T132517Z"
"502f43fa-7943-442d-bb6e-cab4f0400b82",NA,2018-06-04,"20180604 set 9b-10","c16 40ug/ml","Supelco 37 component FAME mix, CRM47885 Supelco","XA11420V",40,33.02,"ug/ml",NA,NA,NA,NA,"20201008T132517Z"
"0f121c89-0043-435f-8e3b-f4f561db9f52",NA,2018-06-04,"20180604 set 9b-10","c16 40ug/ml","Supelco 37 component FAME mix, CRM47885 Supelco","XA11420V",40,34.2,"ug/ml",NA,NA,NA,NA,"20201008T132517Z"
"a71712d5-b9b4-48a5-97b9-e03f684c7398",NA,2018-06-04,"20180604 set 9b-10","c16 40ug/ml","Supelco 37 component FAME mix, CRM47885 Supelco","XA11420V",40,33.82,"ug/ml",NA,NA,NA,NA,"20201008T132517Z"
"39619a8e-12cc-4bd9-9804-5eaab23dedaf",NA,2018-06-04,"20180604 set 9b-10","c16 40ug/ml","Supelco 37 component FAME mix, CRM47885 Supelco","XA11420V",40,34.64,"ug/ml",NA,NA,NA,NA,"20201008T132517Z"
"c62cb977-2e87-44d5-aa51-b8e4e2c55c79",NA,2018-06-04,"20180604 set 9b-10","c16 40ug/ml","Supelco 37 component FAME mix, CRM47885 Supelco","XA11420V",40,33.62,"ug/ml",NA,NA,NA,NA,"20201008T132517Z"
"8adb6a04-257c-4371-a6d8-9cb8a84f7e88",NA,2018-06-04,"20180604 set 9b-10","c16 40ug/ml","Supelco 37 component FAME mix, CRM47885 Supelco","XA11420V",40,33.69,"ug/ml",NA,NA,NA,NA,"20201008T132517Z"
"c10c049c-6b31-46bc-aeac-68a1ad723d93",NA,2018-06-04,"20180604 set 9b-10","c16 40ug/ml","Supelco 37 component FAME mix, CRM47885 Supelco","XA11420V",40,33.61,"ug/ml",NA,NA,NA,NA,"20201008T132517Z"
"e735d88d-566f-4cff-82de-474e11c97903",NA,2018-05-31,"20180531 set 9","c16 40ug/ml","Supelco 37 component FAME mix, CRM47885 Supelco","XA11420V",40,33.42,"ug/ml",NA,NA,NA,NA,"20201008T132517Z"
"82ad4462-432e-4fad-bbb8-aaa6dd0aa123",NA,2018-05-31,"20180531 set 9","c16 40ug/ml","Supelco 37 component FAME mix, CRM47885 Supelco","XA11420V",40,33.94,"ug/ml",NA,NA,NA,NA,"20201008T132517Z"
"de88f4f0-2557-44b6-9513-2c7c3c954e7f",NA,2018-05-31,"20180531 set 9","c16 40ug/ml","Supelco 37 component FAME mix, CRM47885 Supelco","XA11420V",40,34.21,"ug/ml",NA,NA,NA,NA,"20201008T132517Z"
"e59ee875-0ecc-482b-8557-7454655730eb",NA,2018-05-31,"20180531 set 9","c16 40ug/ml","Supelco 37 component FAME mix, CRM47885 Supelco","XA11420V",40,34.32,"ug/ml",NA,NA,NA,NA,"20201008T132517Z"
"f538dd77-f1aa-479a-98f8-569970b45728",NA,2018-05-09,"20180509 set 8B","c16 40ug/ml","Supelco 37 component FAME mix, CRM47885 Supelco","XA11420V",40,35.12,"ug/ml",NA,NA,NA,NA,"20201008T132517Z"
"0779adac-4996-49ff-a04d-d4de1d75efed",NA,2018-05-09,"20180509 set 8B","c16 40ug/ml","Supelco 37 component FAME mix, CRM47885 Supelco","XA11420V",40,35.12,"ug/ml",NA,NA,NA,NA,"20201008T132517Z"
"c3870d22-5d32-44c5-99d6-e7952fafd0f5",NA,2018-05-09,"20180509 set 8B","c16 40ug/ml","Supelco 37 component FAME mix, CRM47885 Supelco","XA11420V",40,34.89,"ug/ml",NA,NA,NA,NA,"20201008T132517Z"
"44ea5c31-78e0-442b-8eb9-5a51711c715a",NA,2018-05-09,"20180509 set 8B","c16 40ug/ml","Supelco 37 component FAME mix, CRM47885 Supelco","XA11420V",40,34.09,"ug/ml",NA,NA,NA,NA,"20201008T132517Z"
"38d653f2-b16e-4316-ba3b-205168094c1f",NA,2018-05-09,"20180509 set 8B","c16 40ug/ml","Supelco 37 component FAME mix, CRM47885 Supelco","XA11420V",40,35.09,"ug/ml",NA,NA,NA,NA,"20201008T132517Z"
"98565c13-5667-49dc-bc84-58836aea3fff",NA,2018-05-09,"20180509 set 8","c16 40ug/ml","Supelco 37 component FAME mix, CRM47885 Supelco","XA11420V",40,34.25,"ug/ml",NA,NA,NA,NA,"20201008T132517Z"
"bb4b6978-bcd9-4575-8670-332c970c62ba",NA,2018-05-09,"20180509 set 8","c16 40ug/ml","Supelco 37 component FAME mix, CRM47885 Supelco","XA11420V",40,34.65,"ug/ml",NA,NA,NA,NA,"20201008T132517Z"
"12996c3c-dd38-4cac-8324-a1b685f4e078",NA,2018-05-09,"20180509 set 8","c16 40ug/ml","Supelco 37 component FAME mix, CRM47885 Supelco","XA11420V",40,33.39,"ug/ml",NA,NA,NA,NA,"20201008T132517Z"
"58e9baf0-5d43-4656-a6c1-679d51725df2",NA,2018-05-09,"20180509 set 8","c16 40ug/ml","Supelco 37 component FAME mix, CRM47885 Supelco","XA11420V",40,33.74,"ug/ml",NA,NA,NA,NA,"20201008T132517Z"
"c77b0554-5a4f-43e0-923c-00f98a7a21ae",NA,2018-05-09,"20180509 set 8","c16 40ug/ml","Supelco 37 component FAME mix, CRM47885 Supelco","XA11420V",40,34.17,"ug/ml",NA,NA,NA,NA,"20201008T132517Z"
"846e7ed6-52fc-4727-b246-f3143777a338",NA,2018-05-09,"20180509 set 7B","c16 40ug/ml","Supelco 37 component FAME mix, CRM47885 Supelco","XA11420V",40,35.02,"ug/ml",NA,NA,NA,NA,"20201008T132517Z"
"5247c49f-7b02-4391-bfbd-ddf0b7a4e2ab",NA,2018-05-09,"20180509 set 7B","c16 40ug/ml","Supelco 37 component FAME mix, CRM47885 Supelco","XA11420V",40,34.18,"ug/ml",NA,NA,NA,NA,"20201008T132517Z"
"9f6a35c1-045c-44e8-b54b-20f482c80c9a",NA,2018-05-09,"20180509 set 7B","c16 40ug/ml","Supelco 37 component FAME mix, CRM47885 Supelco","XA11420V",40,33.79,"ug/ml",NA,NA,NA,NA,"20201008T132517Z"
"f30fc5da-4ee2-4dae-83a6-077b661977d7",NA,2018-05-09,"20180509 set 7B","c16 40ug/ml","Supelco 37 component FAME mix, CRM47885 Supelco","XA11420V",40,35.03,"ug/ml",NA,NA,NA,NA,"20201008T132517Z"
"fd1d4c69-3c96-4734-abd6-e330a90efbcf",NA,2018-05-09,"20180509 set 7B","c16 40ug/ml","Supelco 37 component FAME mix, CRM47885 Supelco","XA11420V",40,33.89,"ug/ml",NA,NA,NA,NA,"20201008T132517Z"
"54aa88f8-d665-446d-8c0a-b3421de957dc",NA,2018-05-09,"20180509 set 7","c16 40ug/ml","Supelco 37 component FAME mix, CRM47885 Supelco","XA11420V",40,34.01,"ug/ml",NA,NA,NA,NA,"20201008T132517Z"
"105fea79-a995-4645-885a-4171079b1d31",NA,2018-05-09,"20180509 set 7","c16 40ug/ml","Supelco 37 component FAME mix, CRM47885 Supelco","XA11420V",40,34.73,"ug/ml",NA,NA,NA,NA,"20201008T132517Z"
"3270ad3c-141c-47fc-942f-63dbf4878e51",NA,2018-05-09,"20180509 set 7","c16 40ug/ml","Supelco 37 component FAME mix, CRM47885 Supelco","XA11420V",40,33.27,"ug/ml",NA,NA,NA,NA,"20201008T132517Z"
"1d0ce149-1ace-451f-8179-64c1f8a9b186",NA,2018-05-09,"20180509 set 7","c16 40ug/ml","Supelco 37 component FAME mix, CRM47885 Supelco","XA11420V",40,33.97,"ug/ml",NA,NA,NA,NA,"20201008T132517Z"
"048ef7cb-3211-48eb-96d5-4a128e315552",NA,2018-05-09,"20180509 set 7","c16 40ug/ml","Supelco 37 component FAME mix, CRM47885 Supelco","XA11420V",40,34.04,"ug/ml",NA,NA,NA,NA,"20201008T132517Z"
"6b38d146-2234-4399-9fd1-16ab69b3dee2",NA,2018-05-04,"20180504 set 6B","c16 40ug/ml","Supelco 37 component FAME mix, CRM47885 Supelco","XA11420V",40,35.29,"ug/ml",NA,NA,NA,NA,"20201008T132517Z"
"27d1d8d7-8e00-4102-a75d-ffc5339116b1",NA,2018-05-04,"20180504 set 6B","c16 40ug/ml","Supelco 37 component FAME mix, CRM47885 Supelco","XA11420V",40,34.25,"ug/ml",NA,NA,NA,NA,"20201008T132517Z"
"5ce9c044-51ba-46e8-aab8-10a783c0ea68",NA,2018-05-04,"20180504 set 6B","c16 40ug/ml","Supelco 37 component FAME mix, CRM47885 Supelco","XA11420V",40,33.83,"ug/ml",NA,NA,NA,NA,"20201008T132517Z"
"04c730d8-072c-4c53-b835-e2c6a22957b4",NA,2018-05-04,"20180504 set 6B","c16 40ug/ml","Supelco 37 component FAME mix, CRM47885 Supelco","XA11420V",40,34.4,"ug/ml",NA,NA,NA,NA,"20201008T132517Z"
"a483f3f2-b9e6-4429-b073-d221e621ee47",NA,2018-05-04,"20180504 set 6B","c16 40ug/ml","Supelco 37 component FAME mix, CRM47885 Supelco","XA11420V",40,33.41,"ug/ml",NA,NA,NA,NA,"20201008T132517Z"
"af366a40-45b4-44ff-a3cf-19f61230fc59",NA,2018-05-03,"20180503 set 6","c16 40ug/ml","Supelco 37 component FAME mix, CRM47885 Supelco","XA11420V",40,35.54,"ug/ml",NA,NA,NA,NA,"20201008T132517Z"
"e21cc93c-cc07-4aee-82ed-221455c22d40",NA,2018-05-03,"20180503 set 6","c16 40ug/ml","Supelco 37 component FAME mix, CRM47885 Supelco","XA11420V",40,33.8,"ug/ml",NA,NA,NA,NA,"20201008T132517Z"
"fd4a8d06-acc3-444d-816d-5252d0c1ccb3",NA,2018-05-03,"20180503 set 6","c16 40ug/ml","Supelco 37 component FAME mix, CRM47885 Supelco","XA11420V",40,33.6,"ug/ml",NA,NA,NA,NA,"20201008T132517Z"
"30783c74-10de-4f5b-8a77-d7c98d7df350",NA,2018-05-03,"20180503 set 6","c16 40ug/ml","Supelco 37 component FAME mix, CRM47885 Supelco","XA11420V",40,35.04,"ug/ml",NA,NA,NA,NA,"20201008T132517Z"
"d6d05be8-01d9-4dd1-b084-a6d052e9e3fa",NA,2018-05-03,"20180503 set 6","c16 40ug/ml","Supelco 37 component FAME mix, CRM47885 Supelco","XA11420V",40,34.47,"ug/ml",NA,NA,NA,NA,"20201008T132517Z"
"7421de54-0a3a-48c1-a481-3acf61c66cbb",NA,2018-05-02,"20180502 set 5B","c16 40ug/ml","Supelco 37 component FAME mix, CRM47885 Supelco","XA11420V",40,34.55,"ug/ml",NA,NA,NA,NA,"20201008T132517Z"
"59a0e999-213e-4b16-8b96-a6f48180f49d",NA,2018-05-02,"20180502 set 5B","c16 40ug/ml","Supelco 37 component FAME mix, CRM47885 Supelco","XA11420V",40,34.13,"ug/ml",NA,NA,NA,NA,"20201008T132517Z"
"16be54e4-ea98-47d3-b9fc-640a6a7fdb8b",NA,2018-05-02,"20180502 set 5B","c16 40ug/ml","Supelco 37 component FAME mix, CRM47885 Supelco","XA11420V",40,34.41,"ug/ml",NA,NA,NA,NA,"20201008T132517Z"
"ba0d9c72-d827-4e5a-b6c1-b0d351640b8d",NA,2018-05-02,"20180502 set 5B","c16 40ug/ml","Supelco 37 component FAME mix, CRM47885 Supelco","XA11420V",40,34.96,"ug/ml",NA,NA,NA,NA,"20201008T132517Z"
"9f3567ea-58e6-465a-8a87-286eac2ad7fc",NA,2018-05-02,"20180502 set 5B","c16 40ug/ml","Supelco 37 component FAME mix, CRM47885 Supelco","XA11420V",40,34.82,"ug/ml",NA,NA,NA,NA,"20201008T132517Z"
"d45fbec3-c24d-4284-981b-87dfb9ec965e",NA,2018-05-01,"20180501 set 5","c16 40ug/ml","Supelco 37 component FAME mix, CRM47885 Supelco","XA11420V",40,34.95,"ug/ml",NA,NA,NA,NA,"20201008T132517Z"
"3385b164-e352-4dd3-94f8-fbe916174d24",NA,2018-05-01,"20180501 set 5","c16 40ug/ml","Supelco 37 component FAME mix, CRM47885 Supelco","XA11420V",40,34.87,"ug/ml",NA,NA,NA,NA,"20201008T132517Z"
"4740bd33-b93e-4a13-99fd-147cfbd180f3",NA,2018-05-01,"20180501 set 5","c16 40ug/ml","Supelco 37 component FAME mix, CRM47885 Supelco","XA11420V",40,34.82,"ug/ml",NA,NA,NA,NA,"20201008T132517Z"
"d1820ebb-d942-4214-947d-2bc666f30938",NA,2018-05-01,"20180501 set 5","c16 40ug/ml","Supelco 37 component FAME mix, CRM47885 Supelco","XA11420V",40,34.27,"ug/ml",NA,NA,NA,NA,"20201008T132517Z"
"cdd07619-10e3-4137-a7a6-6db03f4de26e",NA,2018-05-01,"20180501 set 5","c16 40ug/ml","Supelco 37 component FAME mix, CRM47885 Supelco","XA11420V",40,36.68,"ug/ml",NA,NA,NA,NA,"20201008T132517Z"
"d59ed021-1a3f-4588-8914-94574300ad3d",NA,2018-04-27,"20180427 set 4B","c16 40ug/ml","Supelco 37 component FAME mix, CRM47885 Supelco","XA11420V",40,34.56,"ug/ml",NA,NA,NA,NA,"20201008T132517Z"
"22cc8899-0f3e-4313-b705-38209af8eadc",NA,2018-04-27,"20180427 set 4B","c16 40ug/ml","Supelco 37 component FAME mix, CRM47885 Supelco","XA11420V",40,34.51,"ug/ml",NA,NA,NA,NA,"20201008T132517Z"
"f0a3e284-24b4-4c2f-8d03-8782d2008d3b",NA,2018-04-27,"20180427 set 4B","c16 40ug/ml","Supelco 37 component FAME mix, CRM47885 Supelco","XA11420V",40,34.21,"ug/ml",NA,NA,NA,NA,"20201008T132517Z"
"5c68ac1b-406d-4beb-a7db-fa61081b1e61",NA,2018-04-27,"20180427 set 4B","c16 40ug/ml","Supelco 37 component FAME mix, CRM47885 Supelco","XA11420V",40,34.36,"ug/ml",NA,NA,NA,NA,"20201008T132517Z"
"3bbd6b48-6a43-42f3-8939-54ff75b8b04d",NA,2018-04-28,"20180428 set 4","c16 40ug/ml","Supelco 37 component FAME mix, CRM47885 Supelco","XA11420V",40,35.48,"ug/ml",NA,NA,NA,NA,"20201008T132517Z"
"b367a7f1-27c3-47aa-95d7-3b9f42adb91a",NA,2018-04-28,"20180428 set 4","c16 40ug/ml","Supelco 37 component FAME mix, CRM47885 Supelco","XA11420V",40,35.27,"ug/ml",NA,NA,NA,NA,"20201008T132517Z"
"384deecb-260f-4633-babc-421a327bdead",NA,2018-04-28,"20180428 set 4","c16 40ug/ml","Supelco 37 component FAME mix, CRM47885 Supelco","XA11420V",40,38.28,"ug/ml",NA,NA,NA,NA,"20201008T132517Z"
"3c221d6c-0816-43e5-8406-0351f5718633",NA,2018-04-28,"20180428 set 4","c16 40ug/ml","Supelco 37 component FAME mix, CRM47885 Supelco","XA11420V",40,34.65,"ug/ml",NA,NA,NA,NA,"20201008T132517Z"
"b3aade20-02dc-475b-b074-a9b1859a4ba5",NA,2018-04-28,"20180428 set 4","c16 40ug/ml","Supelco 37 component FAME mix, CRM47885 Supelco","XA11420V",40,33.5,"ug/ml",NA,NA,NA,NA,"20201008T132517Z"
"a538680d-ba94-4952-aa23-800cb9adbab2",NA,2018-04-28,"20180428 set 4","c16 40ug/ml","Supelco 37 component FAME mix, CRM47885 Supelco","XA11420V",40,33.33,"ug/ml",NA,NA,NA,NA,"20201008T132517Z"
"5aff3ac1-1347-46db-bf5d-da883ba992c6",NA,2018-03-28,"20180423 Set 3B","c16 40ug/ml","Supelco 37 component FAME mix, CRM47885 Supelco","XA11420V",40,33.96,"ug/ml",NA,NA,NA,NA,"20201008T132517Z"
"5118ebdd-7d62-4153-98dc-107eba282d77",NA,2018-03-28,"20180423 Set 3B","c16 40ug/ml","Supelco 37 component FAME mix, CRM47885 Supelco","XA11420V",40,32.77,"ug/ml",NA,NA,NA,NA,"20201008T132517Z"
"0b319396-16dc-4567-bc9f-71bb1a5be155",NA,2018-04-23,"20180423 Set 3B","c16 40ug/ml","Supelco 37 component FAME mix, CRM47885 Supelco","XA11420V",40,33.95,"ug/ml",NA,NA,NA,NA,"20201008T132517Z"
"8bd96f88-ef8c-4c69-afdf-5b1916c03725",NA,2018-04-23,"20180423 Set 3B","c16 40ug/ml","Supelco 37 component FAME mix, CRM47885 Supelco","XA11420V",40,34.17,"ug/ml",NA,NA,NA,NA,"20201008T132517Z"
"60a04bb1-ec19-4d51-b1e7-4fa4c6b809e3",NA,2018-04-23,"20180423 Set 3B","c16 40ug/ml","Supelco 37 component FAME mix, CRM47885 Supelco","XA11420V",40,33.96,"ug/ml",NA,NA,NA,NA,"20201008T132517Z"
"deb2c519-c66d-42ee-b395-84c4aea8bde8",NA,2018-04-23,"20180423 Set 3B","c16 40ug/ml","Supelco 37 component FAME mix, CRM47885 Supelco","XA11420V",40,34.18,"ug/ml",NA,NA,NA,NA,"20201008T132517Z"
"e1d7b8f1-f34e-431d-98ac-d5b23c6037a5",NA,2018-04-23,"20180423 Set 3B","c16 40ug/ml","Supelco 37 component FAME mix, CRM47885 Supelco","XA11420V",40,34.09,"ug/ml",NA,NA,NA,NA,"20201008T132517Z"
"024492a5-c7f5-4b6d-b221-4e08c798c425",NA,2020-01-27,"35","C20:0/C19:0 ratio","MIDI 1208","818211",1.91,1.91,"unitless","C19:0","unitless","0",NA,"20201008T131818Z"
"aa7ac8cd-5bb0-467f-bd04-a8a336141ec3",NA,2020-01-27,"35","C20:0/C19:0 ratio","MIDI 1208","818211",1.91,1.91,"unitless","C19:0","unitless","0",NA,"20201008T131818Z"
"2757af6b-433d-4798-8180-46a4625217f7",NA,2019-12-20,"34","C20:0/C19:0 ratio","MIDI 1208","818211",1.91,1.91,"unitless","C19:0","nanomoles","0",NA,"20201008T131818Z"
"08ce0f77-292a-4751-81be-8f14a98c7dba",NA,2019-12-20,"34","C20:0/C19:0 ratio","MIDI 1208","818211",1.91,1.91,"unitless","C19:0","nanomoles","0",NA,"20201008T131818Z"
"5918cb7e-0c86-485c-b9d0-fe90274e4496",NA,2019-12-20,"34","C20:0/C19:0 ratio","MIDI 1208","818211",1.91,1.91,"unitless","C19:0","nanomoles","0",NA,"20201008T131818Z"
"51adf62c-6acc-4d83-9c54-7e4f9d2a2920",NA,2019-12-20,"34","C20:0/C19:0 ratio","MIDI 1208","818211",1.91,1.92,"unitless","C19:0","nanomoles","0",NA,"20201008T131818Z"
"7b4a9d7b-a271-4435-af37-d74408ddbf68",NA,2019-12-20,"34","C20:0/C19:0 ratio","MIDI 1208","818211",1.91,1.92,"unitless","C19:0","nanomoles","0",NA,"20201008T131818Z"
"81c6b8c0-239f-4c0c-a72d-402829376d0a",NA,2019-12-20,"34","C20:0/C19:0 ratio","MIDI 1208","818211",1.91,1.91,"unitless","C19:0","nanomoles","0",NA,"20201008T131818Z"
"6240e5f0-a26f-446b-8fad-bdfadaa4f4bf",NA,2019-12-20,"34","C20:0/C19:0 ratio","MIDI 1208","818211",1.91,1.91,"unitless","C19:0","nanomoles","0",NA,"20201008T131818Z"
"06e8037d-26ba-4e44-a011-2e730b5d96ae",NA,2019-12-20,"34","C20:0/C19:0 ratio","MIDI 1208","818211",1.91,1.91,"unitless","C19:0","nanomoles","0",NA,"20201008T131818Z"
"1d3c705e-eb07-4f99-849b-f0b5ad754fb8",NA,2019-12-20,"34","C20:0/C19:0 ratio","MIDI 1208","818211",1.91,1.91,"unitless","C19:0","nanomoles","0",NA,"20201008T131818Z"
"43f0c5be-1e84-4d69-bae9-a863e642f85e",NA,2019-12-19,"32","C20:0/C19:0 ratio","MIDI 1208","818211",1.91,1.91,"unitless","C19:0","nanomoles","0",NA,"20201008T131818Z"
"06b2d1fa-0e61-4565-95df-bcbf2d027d90",NA,2019-12-19,"32","C20:0/C19:0 ratio","MIDI 1208","818211",1.91,1.91,"unitless","C19:0","nanomoles","0",NA,"20201008T131818Z"
"282d9172-31df-4038-9545-2424de783515",NA,2019-12-19,"32","C20:0/C19:0 ratio","MIDI 1208","818211",1.91,1.92,"unitless","C19:0","nanomoles","0",NA,"20201008T131818Z"
"c974dcff-52f6-41ed-b934-beee4b9ea136",NA,2019-12-19,"32","C20:0/C19:0 ratio","MIDI 1208","818211",1.91,1.91,"unitless","C19:0","nanomoles","0",NA,"20201008T131818Z"
"a476c5b9-d4bc-44ef-9754-f474c6a1c5a4",NA,2019-12-19,"32","C20:0/C19:0 ratio","MIDI 1208","818211",1.91,1.91,"unitless","C19:0","nanomoles","0",NA,"20201008T131818Z"
"46229c61-fc01-4236-a92e-8098d147ed9d",NA,2019-12-19,"32","C20:0/C19:0 ratio","MIDI 1208","818211",1.91,1.91,"unitless","C19:0","nanomoles","0",NA,"20201008T131818Z"
"926935ab-014e-43ab-b11e-b92ab5013988",NA,2019-12-19,"32","C20:0/C19:0 ratio","MIDI 1208","818211",1.91,1.91,"unitless","C19:0","nanomoles","0",NA,"20201008T131818Z"
"2fdeb926-1dae-487a-96cb-bde065cc6e06",NA,2019-12-20,"33","C20:0/C19:0 ratio","MIDI 1208","818211",1.91,1.92,"unitless","C19:0","nanomoles","0",NA,"20201008T131818Z"
"c7bbdb18-66e3-4a7c-b8b8-d221f6c72bcf",NA,2019-12-20,"33","C20:0/C19:0 ratio","MIDI 1208","818211",1.91,1.91,"unitless","C19:0","nanomoles","0",NA,"20201008T131818Z"
"c2eb7d3d-b248-4ed9-b683-1d675c785122",NA,2019-12-20,"33","C20:0/C19:0 ratio","MIDI 1208","818211",1.91,1.91,"unitless","C19:0","nanomoles","0",NA,"20201008T131818Z"
"4500c727-9f6a-4828-a4ad-f195a331385e",NA,2019-12-20,"33","C20:0/C19:0 ratio","MIDI 1208","818211",1.91,1.91,"unitless","C19:0","nanomoles","0",NA,"20201008T131818Z"
"aa26ecc0-3a32-46ef-af17-5400278b541d",NA,2019-12-20,"33","C20:0/C19:0 ratio","MIDI 1208","818211",1.91,1.91,"unitless","C19:0","nanomoles","0",NA,"20201008T131818Z"
"8f770a7f-2244-4e60-bbdf-4e85044ca71f",NA,2019-12-20,"33","C20:0/C19:0 ratio","MIDI 1208","818211",1.91,1.91,"unitless","C19:0","nanomoles","0",NA,"20201008T131818Z"
"0c4baf43-43c4-45e4-a778-242afbb19568",NA,2019-12-20,"33","C20:0/C19:0 ratio","MIDI 1208","818211",1.91,1.92,"unitless","C19:0","nanomoles","0",NA,"20201008T131818Z"
"8b44baf4-3c53-4af1-ac3b-3085b28c171c",NA,2019-12-20,"33","C20:0/C19:0 ratio","MIDI 1208","818211",1.91,1.91,"unitless","C19:0","nanomoles","0",NA,"20201008T131818Z"
"0de73b02-917b-4a05-bdbd-f1f21e12fd26",NA,2019-12-20,"33","C20:0/C19:0 ratio","MIDI 1208","818211",1.91,1.91,"unitless","C19:0","nanomoles","0",NA,"20201008T131818Z"
"c3929f17-3aa3-4796-bef1-983c1638feba",NA,2019-12-13,"27","C20:0","MIDI 1208","818211",11.67,11.67,"nanomoles","C19:0","nanomoles","0",NA,"20201008T131818Z"
"36edcba6-bb00-4f6a-abd6-83af103b44aa",NA,2019-12-13,"27","C20:0","MIDI 1208","818211",11.67,11.64,"nanomoles","C19:0","nanomoles","0",NA,"20201008T131818Z"
"218b396e-008a-4bb1-81a7-e228ca4ae508",NA,2019-12-13,"27","C20:0","MIDI 1208","818211",11.67,11.63,"nanomoles","C19:0","nanomoles","0",NA,"20201008T131818Z"
"fadfeeaa-0c92-4a1c-892f-2950ee273ebb",NA,2019-12-13,"27","C20:0","MIDI 1208","818211",11.67,11.63,"nanomoles","C19:0","nanomoles","0",NA,"20201008T131818Z"
"5e41fcb1-72ae-4fbd-b220-fb370d55a375",NA,2019-11-04,"26","C20:0","MIDI 1208","818211",11.67,11.65,"nanomoles","C19:0","nanomoles","0",NA,"20201008T131818Z"
"fb53d0d5-e76e-4b67-9d7f-9377d888ad7a",NA,2019-11-04,"26","C20:0","MIDI 1208","818211",11.67,11.65,"nanomoles","C19:0","nanomoles","0",NA,"20201008T131818Z"
"cd9410d0-57a6-4b34-908c-e01fd6ae91c2",NA,2019-11-04,"26","C20:0","MIDI 1208","818211",11.67,11.59,"nanomoles","C19:0","nanomoles","0",NA,"20201008T131818Z"
"d7771d5c-14b5-4857-85c6-3c950de1657e",NA,2019-11-04,"26","C20:0","MIDI 1208","818211",11.67,11.68,"nanomoles","C19:0","nanomoles","0",NA,"20201008T131818Z"
"780af657-f059-4dde-92d3-edfccc5d169e",NA,2019-10-18,"21","C20:0","MIDI 1208","818211",11.67,11.63,"nanomoles","C19:0","nanomoles","0",NA,"20201008T131818Z"
"882e06a7-ba92-42b9-9ec6-d8e06ed6439d",NA,2019-10-18,"21","C20:0","MIDI 1208","818211",11.67,11.63,"nanomoles","C19:0","nanomoles","0",NA,"20201008T131818Z"
"e8c36635-df59-47e0-aac0-54ecf266b9b4",NA,2019-10-18,"21","C20:0","MIDI 1208","818211",11.67,11.64,"nanomoles","C19:0","nanomoles","0",NA,"20201008T131818Z"
"81f04f77-3eb5-4bfa-8db6-029764889500",NA,2019-10-18,"21","C20:0","MIDI 1208","818211",11.67,11.61,"nanomoles","C19:0","nanomoles","0",NA,"20201008T131818Z"
"a9a0bf81-4a11-4b2a-b6bc-ff711362432e",NA,2019-10-18,"21","C20:0","MIDI 1208","818211",11.67,11.62,"nanomoles","C19:0","nanomoles","0",NA,"20201008T131818Z"
"89d95949-8a43-48c5-94f9-52558162fd54",NA,2019-10-18,"21","C20:0","MIDI 1208","818211",11.67,11.63,"nanomoles","C19:0","nanomoles","0",NA,"20201008T131818Z"
"28d487ad-2458-4a75-a938-ed5ea2720612",NA,2019-10-18,"21","C20:0","MIDI 1208","818211",11.67,11.61,"nanomoles","C19:0","nanomoles","0",NA,"20201008T131818Z"
"f8737031-30e9-4d9f-be6b-064e4951db4f",NA,2019-10-18,"21","C20:0","MIDI 1208","818211",11.67,11.63,"nanomoles","C19:0","nanomoles","0",NA,"20201008T131818Z"
"c9f72f2a-51b6-4d9e-b1ae-35c4a6f77f30",NA,2019-10-18,"22","C20:0","MIDI 1208","818211",11.67,11.63,"nanomoles","C19:0","nanomoles","0",NA,"20201008T131818Z"
"e196ed2c-401c-4f19-8d9c-c64c57e09a13",NA,2019-10-18,"22","C20:0","MIDI 1208","818211",11.67,11.63,"nanomoles","C19:0","nanomoles","0",NA,"20201008T131818Z"
"8956265e-eff3-496e-a03b-9753e8e3a559",NA,2019-10-18,"22","C20:0","MIDI 1208","818211",11.67,11.63,"nanomoles","C19:0","nanomoles","0",NA,"20201008T131818Z"
"d0a0c053-50e8-426a-975b-38870719ac7a",NA,2019-10-18,"22","C20:0","MIDI 1208","818211",11.67,11.61,"nanomoles","C19:0","nanomoles","0",NA,"20201008T131818Z"
"aae67776-eaf8-4af2-9ce8-065c7c333028",NA,2019-10-18,"22","C20:0","MIDI 1208","818211",11.67,11.63,"nanomoles","C19:0","nanomoles","0",NA,"20201008T131818Z"
"2b69ed59-1ccf-4c2a-ad0e-33c2f0c221c7",NA,2019-10-18,"22","C20:0","MIDI 1208","818211",11.67,11.62,"nanomoles","C19:0","nanomoles","0",NA,"20201008T131818Z"
"82b42825-e34a-48cc-b21c-c9a235ae9870",NA,2019-10-18,"22","C20:0","MIDI 1208","818211",11.67,11.61,"nanomoles","C19:0","nanomoles","0",NA,"20201008T131818Z"
"2f942371-4a29-4c70-b367-515e528e5198",NA,2019-10-18,"22","C20:0","MIDI 1208","818211",11.67,11.64,"nanomoles","C19:0","nanomoles","0",NA,"20201008T131818Z"
"73fdb071-e01e-4b5b-8e8d-99ecf33d03b9",NA,2019-10-18,"23","C20:0","MIDI 1208","818211",11.67,11.61,"nanomoles","C19:0","nanomoles","0",NA,"20201008T131818Z"
"acf92545-d8b0-4a23-b51a-2ef1de4ae9b4",NA,2019-10-18,"23","C20:0","MIDI 1208","818211",11.67,11.61,"nanomoles","C19:0","nanomoles","0",NA,"20201008T131818Z"
"9b50ca95-2412-43a7-ad83-fe304926be23",NA,2019-10-18,"23","C20:0","MIDI 1208","818211",11.67,11.62,"nanomoles","C19:0","nanomoles","0",NA,"20201008T131818Z"
"c0ad0a4e-e2fb-488f-8d8a-54ee0d7040f7",NA,2019-10-18,"23","C20:0","MIDI 1208","818211",11.67,11.64,"nanomoles","C19:0","nanomoles","0",NA,"20201008T131818Z"
"a61d9984-4c99-4e96-8c01-d83080623110",NA,2019-10-18,"23","C20:0","MIDI 1208","818211",11.67,11.63,"nanomoles","C19:0","nanomoles","0",NA,"20201008T131818Z"
"a8a84a46-2feb-48ad-8165-ff3b39b6041e",NA,2019-10-18,"23","C20:0","MIDI 1208","818211",11.67,11.63,"nanomoles","C19:0","nanomoles","0",NA,"20201008T131818Z"
"3f7ce0ae-f9a2-4f36-926b-76b62401433d",NA,2019-10-18,"23","C20:0","MIDI 1208","818211",11.67,11.63,"nanomoles","C19:0","nanomoles","0",NA,"20201008T131818Z"
"69af0343-3b24-45c5-bb4a-9d46a2ceebc0",NA,2019-10-18,"23","C20:0","MIDI 1208","818211",11.67,11.63,"nanomoles","C19:0","nanomoles","0",NA,"20201008T131818Z"
"4a5d284f-e0ed-4d75-9c60-8b2f6cbf31b8",NA,2019-10-18,"24","C20:0","MIDI 1208","818211",11.67,11.63,"nanomoles","C19:0","nanomoles","0",NA,"20201008T131818Z"
"37d40da5-3b0e-46ed-9ca5-7b5e3a34d8aa",NA,2019-10-18,"24","C20:0","MIDI 1208","818211",11.67,11.63,"nanomoles","C19:0","nanomoles","0",NA,"20201008T131818Z"
"e057a05f-e0fd-4a02-b602-73c48bd20c82",NA,2019-10-18,"24","C20:0","MIDI 1208","818211",11.67,11.63,"nanomoles","C19:0","nanomoles","0",NA,"20201008T131818Z"
"362d3c2b-b66b-4a52-a3ec-f3a38cd458f7",NA,2019-10-18,"24","C20:0","MIDI 1208","818211",11.67,11.63,"nanomoles","C19:0","nanomoles","0",NA,"20201008T131818Z"
"9a0ab973-a694-4ad8-a734-44450543688a",NA,2019-10-18,"24","C20:0","MIDI 1208","818211",11.67,11.61,"nanomoles","C19:0","nanomoles","0",NA,"20201008T131818Z"
"71a458b6-f2ae-4409-995b-f75b0c119778",NA,2019-10-18,"24","C20:0","MIDI 1208","818211",11.67,11.64,"nanomoles","C19:0","nanomoles","0",NA,"20201008T131818Z"
"0f05a035-34bf-47e4-ae31-0861a1ff7798",NA,2019-10-18,"24","C20:0","MIDI 1208","818211",11.67,11.61,"nanomoles","C19:0","nanomoles","0",NA,"20201008T131818Z"
"a76aadaf-a4b9-4e24-9c1d-f30d68c5f1fb",NA,2019-10-18,"24","C20:0","MIDI 1208","818211",11.67,11.62,"nanomoles","C19:0","nanomoles","0",NA,"20201008T131818Z"
"dfab6d1f-20d3-4a96-954a-f899002d47fe",NA,2019-09-18,"20","C20:0","MIDI 1208","818211",11.67,11.65,"nanomoles","C19:0","nanomoles","0",NA,"20201008T131818Z"
"173d7bd8-18d3-46b4-a875-3ffe6e501430",NA,2019-09-18,"20","C20:0","MIDI 1208","818211",11.67,11.63,"nanomoles","C19:0","nanomoles","0",NA,"20201008T131818Z"
"f91893ea-65c3-428b-a67c-3e637a7403d1",NA,2019-09-18,"20","C20:0","MIDI 1208","818211",11.67,11.61,"nanomoles","C19:0","nanomoles","0",NA,"20201008T131818Z"
"bff8028b-454d-4450-8a7c-92862d6103af",NA,2019-09-18,"19","C20:0","MIDI 1208","818211",11.67,11.63,"nanomoles","C19:0","nanomoles","0",NA,"20201008T131818Z"
"8157f243-7c0d-4ce6-88e9-b9a554a6c620",NA,2019-09-18,"19","C20:0","MIDI 1208","818211",11.67,11.61,"nanomoles","C19:0","nanomoles","0",NA,"20201008T131818Z"
"9a615ec8-2be3-4b13-b4fe-9a83eb857697",NA,2019-09-18,"19","C20:0","MIDI 1208","818211",11.67,11.61,"nanomoles","C19:0","nanomoles","0",NA,"20201008T131818Z"
"3ceacd47-2c4e-4735-8fb9-436e1624d28a",NA,2019-09-18,"19","C20:0","MIDI 1208","818211",11.67,11.6,"nanomoles","C19:0","nanomoles","0",NA,"20201008T131818Z"
"1b13ec00-3e93-4bad-9997-0ee4df857980",NA,2019-09-18,"19","C20:0","MIDI 1208","818211",11.67,11.63,"nanomoles","C19:0","nanomoles","0",NA,"20201008T131818Z"
"9206ddd5-050a-46a8-a430-e1e0bd2b8fa2",NA,2019-09-18,"19","C20:0","MIDI 1208","818211",11.67,11.65,"nanomoles","C19:0","nanomoles","0",NA,"20201008T131818Z"
"f0345a51-f7ea-4b58-98a2-ab90837bfcd7",NA,2019-09-12,"18","C20:0","MIDI 1208","818211",11.67,11.6,"nanomoles","C19:0","nanomoles","0",NA,"20201008T131818Z"
"e3ccfff7-5161-4489-b36b-c3a1c7ec8257",NA,2019-09-12,"18","C20:0","MIDI 1208","818211",11.67,11.61,"nanomoles","C19:0","nanomoles","0",NA,"20201008T131818Z"
"72716825-6780-4e7a-bdc0-81936081b316",NA,2019-09-12,"18","C20:0","MIDI 1208","818211",11.67,11.63,"nanomoles","C19:0","nanomoles","0",NA,"20201008T131818Z"
"5628fbb5-a73f-4e2b-9076-a02d53b365df",NA,2019-09-09,"17","C20:0","MIDI 1208","818211",11.67,11.61,"nanomoles","C19:0","nanomoles","0",NA,"20201008T131818Z"
"1c9b4b07-d054-4760-a3b8-0c58203a1692",NA,2019-09-09,"17","C20:0","MIDI 1208","818211",11.67,11.63,"nanomoles","C19:0","nanomoles","0",NA,"20201008T131818Z"
"45000e18-b421-4098-b7b8-551d710a9eeb",NA,2019-09-09,"17","C20:0","MIDI 1208","818211",11.67,11.64,"nanomoles","C19:0","nanomoles","0",NA,"20201008T131818Z"
"15f1e25a-2108-44e2-89ef-5484d9a9a47a",NA,2019-09-09,"17","C20:0","MIDI 1208","818211",11.67,11.63,"nanomoles","C19:0","nanomoles","0",NA,"20201008T131818Z"
"ef994c4e-c76f-41f8-96bb-95b1e7eebaab",NA,2019-09-09,"17","C20:0","MIDI 1208","818211",11.67,11.62,"nanomoles","C19:0","nanomoles","0",NA,"20201008T131818Z"
"fd85ee3c-9c9c-4721-8e1f-30a86d359baa",NA,2019-09-09,"17","C20:0","MIDI 1208","818211",11.67,11.6,"nanomoles","C19:0","nanomoles","0",NA,"20201008T131818Z"
"e68412c9-f8ed-4347-88cc-2d235cb7621d",NA,2019-09-09,"17","C20:0","MIDI 1208","818211",11.67,11.58,"nanomoles","C19:0","nanomoles","0",NA,"20201008T131818Z"
"ac9d8e4a-4566-4b7a-b83b-98b108c153bf",NA,2019-07-30,"14","C20:0","MIDI 1208","818211",11.67,11.64,"nanomoles","C19:0","nanomoles","0",NA,"20201008T131818Z"
"f53789d0-dd9e-4ea7-afb1-54f7a879e6a3",NA,2019-07-30,"14","C20:0","MIDI 1208","818211",11.67,11.67,"nanomoles","C19:0","nanomoles","0",NA,"20201008T131818Z"
"f57c7d60-a46d-4f3a-9921-61a823bc4a0d",NA,2019-08-14,"15","C20:0","MIDI 1208","818211",11.67,11.63,"nanomoles","C19:0","nanomoles","0",NA,"20201008T131818Z"
"c79dfb09-ae5c-4359-aed8-5bf494ae5b0b",NA,2019-08-14,"15","C20:0","MIDI 1208","818211",11.67,11.64,"nanomoles","C19:0","nanomoles","0",NA,"20201008T131818Z"
"24c1b057-63d0-4336-b2c5-c80294005462",NA,2019-08-14,"15","C20:0","MIDI 1208","818211",11.67,11.66,"nanomoles","C19:0","nanomoles","0",NA,"20201008T131818Z"
"3a1106d4-cef9-4e03-b9b7-f8a3b79732a7",NA,2019-08-14,"16","C20:0","MIDI 1208","818211",11.67,11.63,"nanomoles","C19:0","nanomoles","0",NA,"20201008T131818Z"
"495d9f17-e079-45b8-9c6f-0f6d301df226",NA,2019-08-14,"16","C20:0","MIDI 1208","818211",11.67,11.61,"nanomoles","C19:0","nanomoles","0",NA,"20201008T131818Z"
"92820bb0-28d9-44e9-affb-a09492aabccf",NA,2019-08-14,"16","C20:0","MIDI 1208","818211",11.67,11.62,"nanomoles","C19:0","nanomoles","0",NA,"20201008T131818Z"
"4ddb9e67-313d-4e9e-8120-33af68e3a5fe",NA,2019-08-14,"16","C20:0","MIDI 1208","818211",11.67,11.64,"nanomoles","C19:0","nanomoles","0",NA,"20201008T131818Z"
"596f7460-e292-44b0-a79a-6a8dfb5692b2",NA,2019-07-30,"12","C20:0","MIDI 1208","818211",11.67,11.6,"nanomoles","C19:0","nanomoles","0",NA,"20201008T131818Z"
"7c106b7e-5257-4400-95c7-88d85d0543a8",NA,2019-07-30,"12","C20:0","MIDI 1208","818211",11.67,11.61,"nanomoles","C19:0","nanomoles","0",NA,"20201008T131818Z"
"1c2ac255-4368-4ff1-853f-3ced04a5df5b",NA,2019-07-30,"12","C20:0","MIDI 1208","818211",11.67,11.6,"nanomoles","C19:0","nanomoles","0",NA,"20201008T131818Z"
"bcf721dd-400c-451c-a0dd-a88336a07809",NA,2019-07-30,"13","C20:0","MIDI 1208","818211",11.67,11.64,"nanomoles","C19:0","nanomoles","0",NA,"20201008T131818Z"
"c70d41fb-9876-4f41-9131-491957e3b2ba",NA,2019-07-30,"13","C20:0","MIDI 1208","818211",11.67,11.65,"nanomoles","C19:0","nanomoles","0",NA,"20201008T131818Z"
"85a1e347-45cb-467a-b4bd-2431f0ef6ce6",NA,2019-07-30,"13","C20:0","MIDI 1208","818211",11.67,11.6,"nanomoles","C19:0","nanomoles","0",NA,"20201008T131818Z"
"7bef68c5-8090-4566-a39d-6af84bf7631a",NA,2019-07-30,"13","C20:0","MIDI 1208","818211",11.67,11.67,"nanomoles","C19:0","nanomoles","0",NA,"20201008T131818Z"
"ee32847b-6efd-4493-b672-da692c92d89f",NA,2019-07-30,"13","C20:0","MIDI 1208","818211",11.67,11.61,"nanomoles","C19:0","nanomoles","0",NA,"20201008T131818Z"
"dff17bf8-c03d-43e9-a97d-8783064e2197",NA,2019-07-30,"13","C20:0","MIDI 1208","818211",11.67,11.6,"nanomoles","C19:0","nanomoles","0",NA,"20201008T131818Z"
"ca310e50-9ebe-49b9-be4c-6edffe5e7ff1",NA,2019-07-05,"11","C20:0","MIDI 1208","818211",11.67,11.61,"nanomoles","C19:0","nanomoles","0",NA,"20201008T131818Z"
"f15f827d-f36d-496e-bda1-500a66094495",NA,2019-07-05,"11","C20:0","MIDI 1208","818211",11.67,11.57,"nanomoles","C19:0","nanomoles","0",NA,"20201008T131818Z"
"7f48dc0e-590f-4a17-9bbd-c72cdb1e023e",NA,2019-07-05,"11","C20:0","MIDI 1208","818211",11.67,11.59,"nanomoles","C19:0","nanomoles","0",NA,"20201008T131818Z"
"9c84303f-aab8-4880-b1f9-2edcdb9afbd7",NA,2019-07-05,"11","C20:0","MIDI 1208","818211",11.67,11.57,"nanomoles","C19:0","nanomoles","0",NA,"20201008T131818Z"
"843dd4bd-5179-4773-b0a4-1e4c235afbd4",NA,2019-07-05,"10","C20:0","MIDI 1208","818211",11.67,11.59,"nanomoles","C19:0","nanomoles","0",NA,"20201008T131818Z"
"4329280a-b341-4a21-88bf-ffc6496fa3ed",NA,2019-07-05,"10","C20:0","MIDI 1208","818211",11.67,11.63,"nanomoles","C19:0","nanomoles","0",NA,"20201008T131818Z"
"39c87419-522e-4631-8c55-f0cb88557bbf",NA,2019-07-05,"10","C20:0","MIDI 1208","818211",11.67,11.63,"nanomoles","C19:0","nanomoles","0",NA,"20201008T131818Z"
"618281be-aa4e-4ad7-bdc2-239474adde3b",NA,2019-07-05,"10","C20:0","MIDI 1208","818211",11.67,11.57,"nanomoles","C19:0","nanomoles","0",NA,"20201008T131818Z"
"d46a6b80-c3d7-4b79-943a-13d1ec4e760d",NA,2019-07-05,"10","C20:0","MIDI 1208","818211",11.67,11.57,"nanomoles","C19:0","nanomoles","0",NA,"20201008T131818Z"
"c58d6184-73e6-47fd-a84a-ff9ae84471cc",NA,2019-07-05,"10","C20:0","MIDI 1208","818211",11.67,11.62,"nanomoles","C19:0","nanomoles","0",NA,"20201008T131818Z"
"f6b3d5ad-1d41-45d8-993f-b8820eba627c",NA,2019-07-05,"10","C20:0","MIDI 1208","818211",11.67,11.65,"nanomoles","C19:0","nanomoles","0",NA,"20201008T131818Z"
"c72e8998-c50e-4cb8-8a33-98d4c3f41b91",NA,2019-07-05,"10","C20:0","MIDI 1208","818211",11.67,11.61,"nanomoles","C19:0","nanomoles","0",NA,"20201008T131818Z"
"abd10da4-5b58-4264-b115-53ed74a18c8c",NA,2019-06-10,"8","C20:0","MIDI 1208","818211",11.67,11.63,"nanomoles","C19:0","nanomoles","0",NA,"20201008T131818Z"
"5dec8a9f-47f6-4054-a524-d4a84d31a096",NA,2019-06-10,"8","C20:0","MIDI 1208","818211",11.67,11.63,"nanomoles","C19:0","nanomoles","0",NA,"20201008T131818Z"
"778a4b09-a51f-44ec-ae02-6e469bb56c8f",NA,2019-06-10,"8","C20:0","MIDI 1208","818211",11.67,11.62,"nanomoles","C19:0","nanomoles","0",NA,"20201008T131818Z"
"b549ad9f-75b4-4d9a-94db-16d0e087d7c6",NA,2019-06-10,"8","C20:0","MIDI 1208","818211",11.67,11.65,"nanomoles","C19:0","nanomoles","0",NA,"20201008T131818Z"
"7edbe200-247f-423a-a87b-629f596d966b",NA,2019-06-07,"5","C20:0","MIDI 1208","813240",11.67,11.63,"nanomoles","C19:0","nanomoles","0",NA,"20201008T131818Z"
"1e70b1dc-52b4-4969-ae83-763f34f07f63",NA,2019-06-07,"5","C20:0","MIDI 1208","813240",11.67,11.63,"nanomoles","C19:0","nanomoles","0",NA,"20201008T131818Z"
"666d4921-03c0-4c8c-9ef2-1507f39aef2c",NA,2019-06-07,"5","C20:0","MIDI 1208","818211",11.67,11.63,"nanomoles","C19:0","nanomoles","0",NA,"20201008T131818Z"
"440c27cd-8ec7-40ad-a308-0c93ac2ba468",NA,2019-06-07,"5","C20:0","MIDI 1208","818211",11.67,11.67,"nanomoles","C19:0","nanomoles","0",NA,"20201008T131818Z"
"0f39209a-69e0-4fec-9b29-b84a8b4f8b04",NA,2019-06-07,"5","C20:0","MIDI 1208","818211",11.67,11.64,"nanomoles","C19:0","nanomoles","0",NA,"20201008T131818Z"
"c0c4a781-328a-470f-a14e-f4fc53b815fe",NA,2019-06-07,"5","C20:0","MIDI 1208","818211",11.67,11.61,"nanomoles","C19:0","nanomoles","0",NA,"20201008T131818Z"
"dd4e8ba6-2720-485c-9178-432a474bc20d",NA,2019-06-07,"5","C20:0","MIDI 1208","818211",11.67,11.63,"nanomoles","C19:0","nanomoles","0",NA,"20201008T131818Z"
"e429520e-8767-4a9f-92b8-53e38d08d39f",NA,2019-06-07,"5","C20:0","MIDI 1208","818211",11.67,11.63,"nanomoles","C19:0","nanomoles","0",NA,"20201008T131818Z"
"e99ad0f9-dc04-4ab1-bf61-5ec86bb5c714",NA,2019-06-07,"5","C20:0","MIDI 1208","813240",11.67,11.62,"nanomoles","C19:0","nanomoles","0",NA,"20201008T131818Z"
"abefe1a4-e416-45a1-abe5-425a34be6e35",NA,2019-06-07,"5","C20:0","MIDI 1208","818211",11.67,11.64,"nanomoles","C19:0","nanomoles","0",NA,"20201008T131818Z"
"70a27d5b-fd83-475c-bb2a-d9230d21a35e",NA,2019-06-07,"5","C20:0","MIDI 1208","813240",11.67,11.61,"nanomoles","C19:0","nanomoles","0",NA,"20201008T131818Z"
"0ab7a83a-1781-436d-b2cd-8363fb665b30",NA,2019-06-07,"5","C20:0","MIDI 1208","813240",11.67,11.64,"nanomoles","C19:0","nanomoles","0",NA,"20201008T131818Z"
"7bdb6d67-7e7a-411e-9f09-c3b324a0f50f",NA,2019-06-07,"5","C20:0","MIDI 1208","813240",11.67,11.64,"nanomoles","C19:0","nanomoles","0",NA,"20201008T131818Z"
"9659db62-a304-439d-ad26-e58c7426d02a",NA,2019-06-07,"6","C20:0","MIDI 1208","818211",11.67,11.63,"nanomoles","C19:0","nanomoles","0",NA,"20201008T131818Z"
"bfd9908a-3159-436a-998d-f02793c3b4b3",NA,2019-06-07,"6","C20:0","MIDI 1208","818211",11.67,11.63,"nanomoles","C19:0","nanomoles","0",NA,"20201008T131818Z"
"aaf5f1ad-0d34-4118-9a88-64068b16f2a5",NA,2019-06-07,"6","C20:0","MIDI 1208","818211",11.67,11.61,"nanomoles","C19:0","nanomoles","0",NA,"20201008T131818Z"
"6b1755d1-34e5-48f7-98eb-8750f4eb3040",NA,2019-06-07,"9","C20:0","MIDI 1208","818211",11.67,11.6,"nanomoles","C19:0","nanomoles","0",NA,"20201008T131818Z"
"552b8aac-2db1-4bf9-b5fb-454a4fa5ac19",NA,2019-06-07,"9","C20:0","MIDI 1208","818211",11.67,11.62,"nanomoles","C19:0","nanomoles","0",NA,"20201008T131818Z"
"10956e0a-9454-45be-982a-28aa576a7a05",NA,2019-06-07,"9","C20:0","MIDI 1208","818211",11.67,11.63,"nanomoles","C19:0","nanomoles","0",NA,"20201008T131818Z"
"2b33c4c5-b61e-4397-aa6d-dbbcb87b7e99",NA,2019-06-07,"9","C20:0","MIDI 1208","818211",11.67,11.63,"nanomoles","C19:0","nanomoles","0",NA,"20201008T131818Z"
"4f171271-e003-454d-bc64-e0f7c3534e0d",NA,2019-06-07,"7","C20:0","MIDI 1208","818211",11.67,11.63,"nanomoles","C19:0","nanomoles","0",NA,"20201008T131818Z"
"46a2e283-b6ff-4d3c-84b5-17410f4bcc96",NA,2019-06-07,"7","C20:0","MIDI 1208","818211",11.67,11.6,"nanomoles","C19:0","nanomoles","0",NA,"20201008T131818Z"
"ccd1e919-0d2e-42e5-bfff-32e9542fc7be",NA,2019-06-07,"7","C20:0","MIDI 1208","818211",11.67,11.62,"nanomoles","C19:0","nanomoles","0",NA,"20201008T131818Z"
"387b1587-4d02-463a-a50d-92fdc97db613",NA,2019-06-07,"7","C20:0","MIDI 1208","818211",11.67,11.63,"nanomoles","C19:0","nanomoles","0",NA,"20201008T131818Z"
"f2d24a53-6129-414c-9b33-f3ddc5b4492d",NA,2019-05-22,"3","C20:0","MIDI 1208","813240",11.67,11.63,"nanomoles","C19:0","nanomoles","0",NA,"20201008T131818Z"
"c9296524-2a05-4f9f-a62a-5249d4820ea6",NA,2019-05-22,"3","C20:0","MIDI 1208","813240",11.67,11.66,"nanomoles","C19:0","nanomoles","0",NA,"20201008T131818Z"
"dcbb38de-3f6c-4326-aafc-0657541c2326",NA,2019-05-22,"3","C20:0","MIDI 1208","813240",11.67,11.65,"nanomoles","C19:0","nanomoles","0",NA,"20201008T131818Z"
"0c38c581-c3ea-4c78-aeea-e70f40382e3f",NA,2019-05-22,"3","C20:0","MIDI 1208","813240",11.67,11.64,"nanomoles","C19:0","nanomoles","0",NA,"20201008T131818Z"
"92203df3-c468-4e21-91da-ff02e3087766",NA,2019-05-22,"3","C20:0","MIDI 1208","813240",11.67,11.63,"nanomoles","C19:0","nanomoles","0",NA,"20201008T131818Z"
"ff072d6f-3cc7-4e35-a50e-cc63c04c0057",NA,2019-05-22,"3","C20:0","MIDI 1208","813240",11.67,11.68,"nanomoles","C19:0","nanomoles","0",NA,"20201008T131818Z"
"ad083025-c6c8-4736-9fc5-4a4236b1db61",NA,2019-05-17,"4","C20:0","MIDI 1208","813240",11.67,11.61,"nanomoles","C19:0","nanomoles","0",NA,"20201008T131818Z"
"635d5b7a-58d4-4a7b-b669-793109798114",NA,2019-05-17,"4","C20:0","MIDI 1208","818211",11.67,11.67,"nanomoles","C19:0","nanomoles","0",NA,"20201008T131818Z"
"d539ecfd-b083-41df-9fba-e60d7bcc9167",NA,2019-05-17,"4","C20:0","MIDI 1208","818211",11.67,11.63,"nanomoles","C19:0","nanomoles","0",NA,"20201008T131818Z"
"e5c5d4a7-9c06-447b-8fe4-5d6578531741",NA,2019-05-17,"4","C20:0","MIDI 1208","813240",11.67,11.63,"nanomoles","C19:0","nanomoles","0",NA,"20201008T131818Z"
"64e54905-f969-4af1-ac94-4ec50cc7ffaa",NA,2019-05-17,"4","C20:0","MIDI 1208","813240",11.67,11.64,"nanomoles","C19:0","nanomoles","0",NA,"20201008T131818Z"
"e92d3105-3224-4f29-a610-382b42127d3d",NA,2019-05-17,"4","C20:0","MIDI 1208","813240",11.67,11.63,"nanomoles","C19:0","nanomoles","0",NA,"20201008T131818Z"
"eec817eb-e3cc-4c66-8c5a-875d871a93c7",NA,2019-05-17,"4","C20:0","MIDI 1208","818211",11.67,11.64,"nanomoles","C19:0","nanomoles","0",NA,"20201008T131818Z"
"4872d8a3-735e-4926-bd19-79b6f7332bb9",NA,2019-05-17,"4","C20:0","MIDI 1208","818211",11.67,11.64,"nanomoles","C19:0","nanomoles","0",NA,"20201008T131818Z"
"d2d9f8eb-09ff-49a1-996a-d48a7ebeced5",NA,2019-05-17,"4","C20:0","MIDI 1208","813240",11.67,11.64,"nanomoles","C19:0","nanomoles","0",NA,"20201008T131818Z"
"1d7470c3-8dc0-40a5-9176-8ce970c75558",NA,2019-05-17,"4","C20:0","MIDI 1208","813240",11.67,11.62,"nanomoles","C19:0","nanomoles","0",NA,"20201008T131818Z"
"d52214b4-7197-406a-aee7-9b1bb6349ec0",NA,2019-05-17,"2","C20:0","MIDI 1208","813240",11.67,11.64,"nanomoles","C19:0","nanomoles","0",NA,"20201008T131818Z"
"39d53bfc-1ba4-47a1-b5f7-e863d5a63992",NA,2019-05-17,"2","C20:0","MIDI 1208","813240",11.67,11.66,"nanomoles","C19:0","nanomoles","0",NA,"20201008T131818Z"
"b6f224be-9564-4d6a-8fc8-1f43399d36c2",NA,2019-05-17,"2","C20:0","MIDI 1208","813240",11.67,11.64,"nanomoles","C19:0","nanomoles","0",NA,"20201008T131818Z"
"dd82f220-c57f-42c1-b393-ae0b2310e3ab",NA,2019-05-17,"2","C20:0","MIDI 1208","813240",11.67,11.66,"nanomoles","C19:0","nanomoles","0",NA,"20201008T131818Z"
"1412ae57-aeb0-4ff9-a2c7-9a820dd3e92a",NA,2019-05-17,"2","C20:0","MIDI 1208","813240",11.67,11.68,"nanomoles","C19:0","nanomoles","0",NA,"20201008T131818Z"
"a99eba65-cefc-4756-b6da-14dc46087f0b",NA,2019-05-17,"2","C20:0","MIDI 1208","813240",11.67,11.66,"nanomoles","C19:0","nanomoles","0",NA,"20201008T131818Z"
"7b41e35b-e8f3-45fb-a9da-e5d31015ce80",NA,2019-05-17,"2","C20:0","MIDI 1208","813240",11.67,11.65,"nanomoles","C19:0","nanomoles","0",NA,"20201008T131818Z"
"aad017e8-e797-48f2-9564-f8291cf1cf8c",NA,2019-05-17,"2","C20:0","MIDI 1208","813240",11.67,11.63,"nanomoles","C19:0","nanomoles","0",NA,"20201008T131818Z"
"4ebfa118-6243-412d-bfb7-0727bb174ad0",NA,2019-05-17,"2","C20:0","MIDI 1208","813240",11.67,11.63,"nanomoles","C19:0","nanomoles","0",NA,"20201008T131818Z"
"7812849a-fedf-43ec-9f4f-3d269a6ea789",NA,2019-05-17,"2","C20:0","MIDI 1208","813240",11.67,11.64,"nanomoles","C19:0","nanomoles","0",NA,"20201008T131818Z"
"e9b7bed4-8d70-4715-bb17-5e342b7c7140",NA,2019-05-17,"2","C20:0","MIDI 1208","813240",11.67,11.65,"nanomoles","C19:0","nanomoles","0",NA,"20201008T131818Z"
"968c913e-3a80-4fb3-9f29-55e97721a722",NA,2019-05-15,"1","C20:0","MIDI 1208","813240",11.67,11.66,"nanomoles","C19:0","nanomoles","0",NA,"20201008T131818Z"
"3e67149b-5497-4d6b-9e69-50168bc428a6",NA,2019-05-15,"1","C20:0","MIDI 1208","813240",11.67,11.64,"nanomoles","C19:0","nanomoles","0",NA,"20201008T131818Z"
"03a34d45-c20f-43c1-b663-e236c5fd6d7f",NA,2019-05-15,"1","C20:0","MIDI 1208","813240",11.67,11.66,"nanomoles","C19:0","nanomoles","0",NA,"20201008T131818Z"
"96a25d66-8eed-43f6-8f74-aeca34710cd8",NA,2019-05-15,"1","C20:0","MIDI 1208","813240",11.67,11.65,"nanomoles","C19:0","nanomoles","0",NA,"20201008T131818Z"
"55e99083-2fea-40cf-8ff5-ef2e9cc42ddb",NA,2019-05-15,"1","C20:0","MIDI 1208","813240",11.67,11.64,"nanomoles","C19:0","nanomoles","0",NA,"20201008T131818Z"
